source,source_sha256,tl_dot_occurrences,has_loop,compile_coverage,compile_input,level1_affected,level2_affected,ub_level0_bits,ub_level1_bits,ub_level2_bits
ascend_tutorial_06-fused-attention.py,c55b3bd72acbfb0d83b603c3a3eae1947177362d169f98173417cb1ecb028cc4,3,True,adapter_corpus,ascend_tutorial_06-fused-attention.ttadapter,False,False,578560,578560,578560
ascend_tutorials/03-matrix-multiplication.py,30e534e4095094b08b065a35300fd1ab7579a6061cdfa56e32efb76ef979bd43,1,True,adapter_corpus,ascend_tutorial_03-matrix-multiplication.ttadapter,False,False,329728,329728,329728
ascend_tutorials/06-fused-attention.py,c55b3bd72acbfb0d83b603c3a3eae1947177362d169f98173417cb1ecb028cc4,3,True,adapter_corpus,ascend_tutorial_06-fused-attention.ttadapter,False,False,578560,578560,578560
ascend_tutorials/08-grouped-gemm.py,84a2204ad7b859bc26007e25bc2aa61807ae6cefeb85fa65ff6d6d8d425909a7,1,True,adapter_corpus,ascend_tutorial_08-grouped-gemm.ttadapter,False,False,262144,262144,262144
ascend_tutorials/09-persistent-matmul.py,e6682456cf9cb1ee8a66f8acc9818b48e767d0e73620925b6bd94091dc939f6e,2,True,adapter_corpus,ascend_tutorial_09-persistent-matmul.ttadapter,False,False,831488,831488,831488
generalization_cases/test_dot_scaled.py,da6eaa889fa092a550627454438e2c078a32a619362b94442e7e3d9cb0109183,3,True,adapter_corpus,triton.language.dot_scaled.ttadapter,False,False,60160,60160,60160
generalization_cases/test_make_blkptr_matmul.py,7efda17fe8f917ae8ba219339f9738c13d1827c49e8f8d7cfe000d5a471c923b,1,False,source_only_needs_case_contract,,,,,,
generalization_cases/test_matmul.py,4f16f910ec2a863001bf7c1cc5a1f0950bf65366200e0e83ae1765f40bb79932,1,True,source_only_needs_case_contract,,,,,,
generalization_cases/test_matmul_mindspore.py,34c54a92f4571f0411073710cff7d4ae5e072f99b7631f919b1952ed2ea881f0,1,True,source_only_needs_case_contract,,,,,,
kernels_vllm/chunk_gated_delta_rule_fwd_kernel_h_blockdim64.py,afdc7a69b94e07728d7fc8809bb0be737869e78f04d715b0224a9c59109e166b,4,True,adapter_corpus,kernels_vllm_chunk_gated_delta_rule_fwd_kernel_h_blockdim64.ttadapter,False,False,1331200,1331200,1331200
kernels_vllm/chunk_scaled_dot_kkt_fwd_kernel.py,a07072a3b854566b272e8a14c747b8e0606f1029497027bd1e076f5d2310c35b,1,True,adapter_corpus,kernels_vllm_chunk_scaled_dot_kkt_fwd_kernel.ttadapter,False,False,42240,42240,42240
kernels_vllm/merge_16x16_to_32x32_inverse_kernel.py,bfaa0e6a77d56c7b054e789c934822e73e5b39a17420865abee95afe9adcf46a,2,False,adapter_corpus,kernels_vllm_merge_16x16_to_32x32_inverse_kernel.ttadapter,False,False,18432,18432,18432
kernels_vllm/merge_16x16_to_64x64_inverse_kernel.py,f6a95c1d05c5b91c48fe6abbda6c9f68b7c8d076281cba27f62e76d3064d8fb8,6,False,adapter_corpus,kernels_vllm_merge_16x16_to_64x64_inverse_kernel.ttadapter,False,False,221184,221184,221184
kernels_vllm/recompute_w_u_fwd_kernel.py,4f2c1d530177f83e7897d94c9300e63c216f75fa5a8b730487c97a31cec328aa,2,True,adapter_corpus,kernels_vllm_recompute_w_u_fwd_kernel.ttadapter,False,False,60160,60160,60160
pytest_ut/test_12_hstu_attention.py,1d5e74428d46d1b18e1000cdd9c6e6a3fbc84b992b84ed4380648c7605fb5e1a,7,True,current_candidate,hstu_attention.ttadapter,False,False,562176,562176,562176
pytest_ut/test_13_matrix_multiplication_optimized.py,86ed5b12a4e29e0b96a0787242726b4e0bc522699f1238321f5b1b482123483d,2,True,source_only_needs_case_contract,,,,,,
pytest_ut/test_dot.py,21c322e66cca8c22c454e8d5d32610cc2e8b078d1c6cd9186c2835c4c6f7c3fe,4,True,adapter_corpus,triton.language.dot.ttadapter,False,False,,,
pytest_ut/test_dot_scaled.py,11eb6d18705a7731003cfb6894928fdafffb25cde54da206c2f68cd8f4c76b33,3,True,adapter_corpus,triton.language.dot_scaled.ttadapter,False,False,60160,60160,60160
pytest_ut/test_fusedattention.py,abe0bfac9668c5abc3b039ad085590d93082434602356fe78bdc9bea692fbda7,3,True,current_candidate,fused_attention.ttadapter,False,False,578560,578560,578560
pytest_ut/test_if_advance.py,bb0d6208eae6f09423371f5e142b89b30befe13193c89d95fa4160099ceb133c,1,True,source_only_needs_case_contract,,,,,,
pytest_ut/test_permuted_boundary_check.py,70a29243d90f3b267b85a64c469f60baf10995165980dbbe394e5f20db7f7dbf,1,False,source_only_needs_case_contract,,,,,,
pytest_ut/test_sub_vec_id.py,797a6eb946b6379bb721e406ab2ec1e2e6eea472b21541255c36a89e9ccd8fca,3,True,source_only_needs_case_contract,,,,,,
pytest_ut/test_sub_vec_num.py,0c8cc62ced5272a2b0375451146ec1cfc5e4ef5dc6edad50eca706edf3e643b8,3,True,source_only_needs_case_contract,,,,,,
pytest_ut/test_sync_block.py,ba04293edad1ef78b97dbe9ac9cbddc055fd86a59e07f265a88098889a4a2860,3,True,source_only_needs_case_contract,,,,,,
pytest_ut/test_triton_unified_attention.py,1c372786c4c4b7905995572b41eefa9f0fa47a574c7cd02852594e9f754bec5c,2,True,current_candidate,unified_attention.ttadapter,False,False,218112,218112,218112
pytest_ut/test_use_analysis.py,9dec07de140862c07b42b95445b64f438ef11f09ff2ddef93f83e262ba706f6d,2,True,source_only_needs_case_contract,,,,,,
python_tutorial_06-fused-attention.py,e37baf3097ca95fdae90ec5412279a7f86da503059747cd8cd996fadd45b88c8,9,True,adapter_corpus,python_tutorial_06-fused-attention.ttadapter,False,False,661760,661760,661760
python_tutorials/03-matrix-multiplication.py,f88a9506694c58d483ad3cdb4aa672c23df0300803bcfaca13b9396184825008,1,True,adapter_corpus,python_tutorial_03-matrix-multiplication.ttadapter,False,False,560128,560128,560128
python_tutorials/06-fused-attention.py,e37baf3097ca95fdae90ec5412279a7f86da503059747cd8cd996fadd45b88c8,9,True,adapter_corpus,python_tutorial_06-fused-attention.ttadapter,False,False,661760,661760,661760
python_tutorials/08-grouped-gemm.py,16647534382b116fda2a034acef5fb59bba8d803df56863596f4bc7b444abb16,2,True,adapter_corpus,python_tutorial_08-grouped-gemm.ttadapter,False,False,262144,262144,262144
python_tutorials/09-persistent-matmul.py,2bae321bd3a3784162b9c4bd97c7f13146509909edd83dc02ffdcc0f71ff1c98,5,True,adapter_corpus,python_tutorial_09-persistent-matmul.ttadapter,False,False,1572864,1572864,1572864
python_tutorials/10-block-scaled-matmul.py,e1a28d642211acd2b527b5686ada6a8ce3e8c5b46b4f5efaf5799e1e078448cd,5,True,adapter_corpus,python_tutorial_10-block-scaled-matmul.ttadapter,False,False,60160,60160,60160
s0_original_baseline_5800us.py,471966faaa43e9631625984d9ab065cac77760632e673357a1b88c09a1392ff8,3,True,adapter_corpus,s0_original_baseline_5800us.ttadapter,False,False,546048,546048,546048
s1_exp3_BLOCK_V_512_5392us.py,fef2ca7ce77d13b11c5fa9030799811b4e969341fee7640f8816d3871ff560bb,3,True,adapter_corpus,s1_exp3_BLOCK_V_512_5392us.ttadapter,False,False,808192,808192,808192
s2_exp4b_BLOCK_SBS_256_multibuffer_False_4356us.py,fe0b3456b7bf7d0bcbf584802a4a3d4eab0b2ee84d1efe3b9c3563b1077d8dac,3,True,adapter_corpus,s2_exp4b_BLOCK_SBS_256_multibuffer_False_4356us.ttadapter,False,False,1070336,1070336,1070336
s3_exp6_mixed_cv_False_4337us.py,666b0f674308da3dcc88b154c623d348c438fbf944fc87f80c6f72f7173a301d,3,True,source_only_needs_case_contract,,,,,,
s4_exp10_workspace_sv_bf16_4294us.py,8b6d0d7f6d17d541846f7b29adf51fa178d74fbf59640a1309eb27eb633fa781,3,True,adapter_corpus,s4_exp10_workspace_sv_bf16_4294us.ttadapter,False,False,1202176,1202176,1202176
s5_exp15_hivm_auto_cv_balance_4235us.py,a9d1e80f4d9c5393adcd5131e74efb868a395be25371b6104b870b5e7c88f798,3,True,adapter_corpus,s5_exp15_hivm_auto_cv_balance_4235us.ttadapter,False,False,863744,863744,863744
s6_exp25_tile_mix_cube4_vec1_4075us.py,9e163e4233a54b44e7edf51c2a54373beff6647fb076a1899f68aca8f03efe38,3,True,source_only_needs_case_contract,,,,,,
s7_exp27_shared_kv_nope_SSA_3580us.py,1e126a679272aba3bd6d15f99093d3e54b0fcfde790dcb9fb3ebc219daafc67c,5,True,adapter_corpus,s7_exp27_shared_kv_nope_SSA_3580us.ttadapter,False,False,862464,862464,862464
s8_exp28_hoist_Q_loads_3589us.py,dfe1cc49c07e35e9275fa1b010c2921e036c914a50e8feaa24da09c578c85d20,7,True,adapter_corpus,s8_exp28_hoist_Q_loads_3589us.ttadapter,False,False,862464,862464,862464
s9_exp32_enable_code_motion_3573us_FINAL_BEST.py,8da2f7322777c59b4f77aea672fb6858d13d754c1c43b667661057c9aa14478f,7,True,source_only_needs_case_contract,,,,,,
test_12_hstu_attention.py,1d5e74428d46d1b18e1000cdd9c6e6a3fbc84b992b84ed4380648c7605fb5e1a,7,True,current_candidate,hstu_attention.ttadapter,False,False,562176,562176,562176
test_fusedattention.py,abe0bfac9668c5abc3b039ad085590d93082434602356fe78bdc9bea692fbda7,3,True,current_candidate,fused_attention.ttadapter,False,False,578560,578560,578560
test_triton_unified_attention.py,1c372786c4c4b7905995572b41eefa9f0fa47a574c7cd02852594e9f754bec5c,2,True,current_candidate,unified_attention.ttadapter,False,False,218112,218112,218112
