adapter,level1_affected,level2_affected,any_affected,level0_ub_bits,level1_ub_bits,level2_ub_bits,level0_ub_kib,level1_ub_kib,level2_ub_kib,level1_pass_observed,level2_pass_observed,level1_vector_functions_before,level2_vector_functions_before,all_levels_ub_line_observed,diagnostic
ascend_tutorial_01-vector-add.ttadapter,False,False,False,65536,65536,65536,8.0,8.0,8.0,True,True,0,0,True,[ERROR] Failed to run BiShengIR regbase pipeline | [ERROR] Failed to run BiShengIR regbase pipeline | [ERROR] Failed to run BiShengIR regbase pipeline
ascend_tutorial_02-fused-softmax.ttadapter,False,False,False,49664,49664,,6.0625,6.0625,,True,False,0,0,False,"[ERROR] Failed to run BiShengIR regbase pipeline | [ERROR] Failed to run BiShengIR regbase pipeline | loc(""/tmp/02-fused-softmax.yevozn.py"":53:0): error: Failed to run buildFinalHIVMPipelines pipeline | loc(callsite(callsite(""input""(""/home/yuanye/AscendNPU-IR/.venv/lib/python3.9/site-packages/triton/language/standard.py"":188:33) at ""row_minus_max""(""/tmp/02-fused-softmax.yevozn.py"":69:37)) at callsite(""/home/yuanye/AscendNPU-IR/.venv/lib/python3.9/site-packages/triton/language/standard.py"":197:44 at ""row_minus_max""(""/tmp/02-fused-softmax.yevozn.py"":69:37)))): error: operand #5 does not dominate this use | [ERROR] Failed to run BiShengIR regbase pipeline"
ascend_tutorial_03-matrix-multiplication.ttadapter,False,False,False,163840,163840,163840,20.0,20.0,20.0,True,True,0,0,True,[ERROR] Failed to run BiShengIR regbase pipeline | [ERROR] Failed to run BiShengIR regbase pipeline | [ERROR] Failed to run BiShengIR regbase pipeline
ascend_tutorial_04-low-memory-dropout.ttadapter,False,False,False,65792,65792,65792,8.03125,8.03125,8.03125,True,True,0,0,True,[ERROR] Failed to run BiShengIR regbase pipeline | [ERROR] Failed to run BiShengIR regbase pipeline | [ERROR] Failed to run BiShengIR regbase pipeline
ascend_tutorial_05-layer-norm.ttadapter,False,False,False,34304,34304,34304,4.1875,4.1875,4.1875,True,True,0,0,True,[ERROR] Failed to run BiShengIR regbase pipeline | [ERROR] Failed to run BiShengIR regbase pipeline | [ERROR] Failed to run BiShengIR regbase pipeline
ascend_tutorial_06-fused-attention.ttadapter,False,False,False,699392,699392,831488,85.375,85.375,101.5,True,True,0,0,True,[ERROR] Failed to run BiShengIR regbase pipeline | [ERROR] Failed to run BiShengIR regbase pipeline | [ERROR] Failed to run BiShengIR regbase pipeline
ascend_tutorial_07-extern-functions.ttadapter,False,False,False,327680,327680,458752,40.0,40.0,56.0,True,True,0,0,True,[ERROR] Failed to run BiShengIR regbase pipeline | [ERROR] Failed to run BiShengIR regbase pipeline | [ERROR] Failed to run BiShengIR regbase pipeline
ascend_tutorial_08-grouped-gemm.ttadapter,False,False,False,393216,393216,393216,48.0,48.0,48.0,True,True,0,0,True,[ERROR] Failed to run BiShengIR regbase pipeline | [ERROR] Failed to run BiShengIR regbase pipeline | [ERROR] Failed to run BiShengIR regbase pipeline
ascend_tutorial_09-persistent-matmul.ttadapter,False,False,False,,,,,,,False,False,0,0,False,LLVM ERROR: unsupported op to get out operands | LLVM ERROR: unsupported op to get out operands | LLVM ERROR: unsupported op to get out operands
attn_cp_triton_kernel_3d.ttadapter,False,False,False,245760,245760,294912,30.0,30.0,36.0,True,True,0,0,True,[ERROR] Failed to run BiShengIR regbase pipeline | [ERROR] Failed to run BiShengIR regbase pipeline | [ERROR] Failed to run BiShengIR regbase pipeline
attn_cp_triton_kernel_3d_la.ttadapter,False,False,False,134144,134144,135168,16.375,16.375,16.5,True,True,0,0,True,[ERROR] Failed to run BiShengIR regbase pipeline | [ERROR] Failed to run BiShengIR regbase pipeline | [ERROR] Failed to run BiShengIR regbase pipeline
attn_fwd.ttadapter,False,False,False,1783040,1783040,,217.65625,217.65625,,True,True,0,0,False,[ERROR] Failed to run BiShengIR regbase pipeline | [ERROR] Failed to run BiShengIR regbase pipeline
chunk_kda_bwd_kernel_wy_dqkg_fused_opt_v2.ttadapter,False,False,False,568832,568832,,69.4375,69.4375,,True,False,0,0,False,[ERROR] Failed to run BiShengIR regbase pipeline | [ERROR] Failed to run BiShengIR regbase pipeline
kernels_vllm__triton_rope.ttadapter,False,False,False,50688,50688,50688,6.1875,6.1875,6.1875,True,True,0,0,True,[ERROR] Failed to run BiShengIR regbase pipeline | [ERROR] Failed to run BiShengIR regbase pipeline | [ERROR] Failed to run BiShengIR regbase pipeline
kernels_vllm_chunk_gated_delta_rule_fwd_kernel_h_blockdim64.ttadapter,False,False,False,1709312,1840384,1709312,208.65625,224.65625,208.65625,True,True,0,0,True,[ERROR] Failed to run BiShengIR regbase pipeline | [ERROR] Failed to run BiShengIR regbase pipeline | [ERROR] Failed to run BiShengIR regbase pipeline
kernels_vllm_chunk_local_cumsum_scalar_kernel.ttadapter,False,False,False,36864,36864,36864,4.5,4.5,4.5,True,True,0,0,True,[ERROR] Failed to run BiShengIR regbase pipeline | [ERROR] Failed to run BiShengIR regbase pipeline | [ERROR] Failed to run BiShengIR regbase pipeline
kernels_vllm_chunk_scaled_dot_kkt_fwd_kernel.ttadapter,False,False,False,13056,13056,13056,1.59375,1.59375,1.59375,True,True,0,0,True,[ERROR] Failed to run BiShengIR regbase pipeline | [ERROR] Failed to run BiShengIR regbase pipeline | [ERROR] Failed to run BiShengIR regbase pipeline
kernels_vllm_expand_kernel.ttadapter,False,False,False,1536,1536,1536,0.1875,0.1875,0.1875,True,True,0,0,True,[ERROR] Failed to run BiShengIR regbase pipeline | [ERROR] Failed to run BiShengIR regbase pipeline | [ERROR] Failed to run BiShengIR regbase pipeline
kernels_vllm_fused_gdn_gating_kernel.ttadapter,False,False,False,2560,2560,2560,0.3125,0.3125,0.3125,True,True,0,0,True,[ERROR] Failed to run BiShengIR regbase pipeline | [ERROR] Failed to run BiShengIR regbase pipeline | [ERROR] Failed to run BiShengIR regbase pipeline
kernels_vllm_fused_qkvzba_split_reshape_cat_kernel.ttadapter,False,False,False,4608,4608,4608,0.5625,0.5625,0.5625,True,True,0,0,True,[ERROR] Failed to run BiShengIR regbase pipeline | [ERROR] Failed to run BiShengIR regbase pipeline | [ERROR] Failed to run BiShengIR regbase pipeline
kernels_vllm_l2norm_fwd_kernel2_loop.ttadapter,False,False,False,49664,49664,,6.0625,6.0625,,True,True,0,0,False,[ERROR] Failed to run BiShengIR regbase pipeline | [ERROR] Failed to run BiShengIR regbase pipeline
kernels_vllm_layer_norm_fwd_kernel.ttadapter,False,False,False,17920,17920,22016,2.1875,2.1875,2.6875,True,False,0,0,True,[ERROR] Failed to run BiShengIR regbase pipeline | [ERROR] Failed to run BiShengIR regbase pipeline | [ERROR] Failed to run BiShengIR regbase pipeline
kernels_vllm_merge_16x16_to_32x32_inverse_kernel.ttadapter,False,False,False,40448,40448,40448,4.9375,4.9375,4.9375,True,True,0,0,True,[ERROR] Failed to run BiShengIR regbase pipeline | [ERROR] Failed to run BiShengIR regbase pipeline | [ERROR] Failed to run BiShengIR regbase pipeline
kernels_vllm_merge_16x16_to_64x64_inverse_kernel.ttadapter,False,False,False,366592,366592,366592,44.75,44.75,44.75,True,True,0,0,True,[ERROR] Failed to run BiShengIR regbase pipeline | [ERROR] Failed to run BiShengIR regbase pipeline | [ERROR] Failed to run BiShengIR regbase pipeline
kernels_vllm_recompute_w_u_fwd_kernel.ttadapter,False,False,False,113664,113664,113664,13.875,13.875,13.875,True,True,0,0,True,[ERROR] Failed to run BiShengIR regbase pipeline | [ERROR] Failed to run BiShengIR regbase pipeline | [ERROR] Failed to run BiShengIR regbase pipeline
kernels_vllm_rejection_greedy_sample_spec_len_1_triton.ttadapter,False,False,False,1280,1280,1280,0.15625,0.15625,0.15625,True,True,0,0,True,[ERROR] Failed to run BiShengIR regbase pipeline | [ERROR] Failed to run BiShengIR regbase pipeline | [ERROR] Failed to run BiShengIR regbase pipeline
kernels_vllm_rejection_random_sample_kernel.ttadapter,False,False,False,512,512,512,0.0625,0.0625,0.0625,True,True,0,0,True,[ERROR] Failed to run BiShengIR regbase pipeline | [ERROR] Failed to run BiShengIR regbase pipeline | [ERROR] Failed to run BiShengIR regbase pipeline
kernels_vllm_sample_recovered_tokens_kernel.ttadapter,False,False,False,2816,2816,2816,0.34375,0.34375,0.34375,True,True,0,0,True,[ERROR] Failed to run BiShengIR regbase pipeline | [ERROR] Failed to run BiShengIR regbase pipeline | [ERROR] Failed to run BiShengIR regbase pipeline
kernels_vllm_solve_tril_16x16_kernel.ttadapter,False,False,False,42752,42752,42752,5.21875,5.21875,5.21875,True,True,0,0,True,[ERROR] Failed to run BiShengIR regbase pipeline | [ERROR] Failed to run BiShengIR regbase pipeline | [ERROR] Failed to run BiShengIR regbase pipeline
layernorm_bench.ttadapter,False,False,False,263168,263168,263168,32.125,32.125,32.125,True,True,0,0,True,[ERROR] Failed to run BiShengIR regbase pipeline | [ERROR] Failed to run BiShengIR regbase pipeline | [ERROR] Failed to run BiShengIR regbase pipeline
python_tutorial_02-fused-softmax.ttadapter,False,False,False,66048,66048,98816,8.0625,8.0625,12.0625,True,True,0,0,True,[ERROR] Failed to run BiShengIR regbase pipeline | [ERROR] Failed to run BiShengIR regbase pipeline | [ERROR] Failed to run BiShengIR regbase pipeline
python_tutorial_03-matrix-multiplication.ttadapter,False,False,False,,,,,,,False,False,0,0,False,LLVM ERROR: unsupported op to get out operands | LLVM ERROR: unsupported op to get out operands | LLVM ERROR: unsupported op to get out operands
python_tutorial_04-low-memory-dropout.ttadapter,False,False,False,65792,65792,65792,8.03125,8.03125,8.03125,True,True,0,0,True,[ERROR] Failed to run BiShengIR regbase pipeline | [ERROR] Failed to run BiShengIR regbase pipeline | [ERROR] Failed to run BiShengIR regbase pipeline
python_tutorial_05-layer-norm.ttadapter,False,False,False,1835520,1835520,1835520,224.0625,224.0625,224.0625,True,True,0,0,True,[ERROR] Failed to run BiShengIR regbase pipeline | [ERROR] Failed to run BiShengIR regbase pipeline | [ERROR] Failed to run BiShengIR regbase pipeline
python_tutorial_06-fused-attention.ttadapter,False,False,False,577792,577792,579840,70.53125,70.53125,70.78125,True,True,0,0,True,[ERROR] Failed to run BiShengIR regbase pipeline | [ERROR] Failed to run BiShengIR regbase pipeline | [ERROR] Failed to run BiShengIR regbase pipeline
python_tutorial_08-grouped-gemm.ttadapter,False,False,False,393216,393216,393216,48.0,48.0,48.0,True,True,0,0,True,[ERROR] Failed to run BiShengIR regbase pipeline | [ERROR] Failed to run BiShengIR regbase pipeline | [ERROR] Failed to run BiShengIR regbase pipeline
python_tutorial_09-persistent-matmul.ttadapter,False,False,False,,,,,,,False,False,0,0,False,LLVM ERROR: unsupported op to get out operands | LLVM ERROR: unsupported op to get out operands | LLVM ERROR: unsupported op to get out operands
python_tutorial_10-block-scaled-matmul.ttadapter,False,False,False,25600,25600,25600,3.125,3.125,3.125,True,True,0,0,True,[ERROR] Failed to run BiShengIR regbase pipeline | [ERROR] Failed to run BiShengIR regbase pipeline | [ERROR] Failed to run BiShengIR regbase pipeline
rmsnorm_bench.ttadapter,False,False,False,131840,131840,131840,16.09375,16.09375,16.09375,True,True,0,0,True,[ERROR] Failed to run BiShengIR regbase pipeline | [ERROR] Failed to run BiShengIR regbase pipeline | [ERROR] Failed to run BiShengIR regbase pipeline
s0_original_baseline_5800us.ttadapter,False,False,False,263680,263680,313088,32.1875,32.1875,38.21875,True,True,0,0,True,[ERROR] Failed to run BiShengIR regbase pipeline | [ERROR] Failed to run BiShengIR regbase pipeline | [ERROR] Failed to run BiShengIR regbase pipeline
s1_exp3_BLOCK_V_512_5392us.ttadapter,False,False,False,460032,460032,509440,56.15625,56.15625,62.1875,True,True,0,0,True,[ERROR] Failed to run BiShengIR regbase pipeline | [ERROR] Failed to run BiShengIR regbase pipeline | [ERROR] Failed to run BiShengIR regbase pipeline
s2_exp4b_BLOCK_SBS_256_multibuffer_False_4356us.ttadapter,False,False,False,525568,525568,624128,64.15625,64.15625,76.1875,True,True,0,0,True,[ERROR] Failed to run BiShengIR regbase pipeline | [ERROR] Failed to run BiShengIR regbase pipeline | [ERROR] Failed to run BiShengIR regbase pipeline
s4_exp10_workspace_sv_bf16_4294us.ttadapter,False,False,False,460032,460032,558592,56.15625,56.15625,68.1875,True,True,0,0,True,[ERROR] Failed to run BiShengIR regbase pipeline | [ERROR] Failed to run BiShengIR regbase pipeline | [ERROR] Failed to run BiShengIR regbase pipeline
s5_exp15_hivm_auto_cv_balance_4235us.ttadapter,False,False,False,328960,328960,427520,40.15625,40.15625,52.1875,True,True,0,0,True,[ERROR] Failed to run BiShengIR regbase pipeline | [ERROR] Failed to run BiShengIR regbase pipeline | [ERROR] Failed to run BiShengIR regbase pipeline
s7_exp27_shared_kv_nope_SSA_3580us.ttadapter,False,False,False,329472,329472,428032,40.21875,40.21875,52.25,True,True,0,0,True,[ERROR] Failed to run BiShengIR regbase pipeline | [ERROR] Failed to run BiShengIR regbase pipeline | [ERROR] Failed to run BiShengIR regbase pipeline
s8_exp28_hoist_Q_loads_3589us.ttadapter,False,False,False,329472,329472,428032,40.21875,40.21875,52.25,True,True,0,0,True,[ERROR] Failed to run BiShengIR regbase pipeline | [ERROR] Failed to run BiShengIR regbase pipeline | [ERROR] Failed to run BiShengIR regbase pipeline
softmax_bench.ttadapter,False,False,False,66048,66048,,8.0625,8.0625,,True,False,0,0,False,"[ERROR] Failed to run BiShengIR regbase pipeline | [ERROR] Failed to run BiShengIR regbase pipeline | loc(""/tmp/softmax_bench.YnGwWm.py"":18:0): error: Failed to run buildFinalHIVMPipelines pipeline | loc(callsite(callsite(""/home/yuanye/AscendNPU-IR/.venv/lib/python3.9/site-packages/triton/language/standard.py"":197:44 at ""x""(""/tmp/softmax_bench.YnGwWm.py"":23:19)) at callsite(""/home/yuanye/AscendNPU-IR/.venv/lib/python3.9/site-packages/triton/language/standard.py"":197:44 at ""x""(""/tmp/softmax_bench.YnGwWm.py"":23:19)))): error: operand #5 does not dominate this use | [ERROR] Failed to run BiShengIR regbase pipeline"
triton.language.abs.ttadapter,False,False,False,2048,2048,2048,0.25,0.25,0.25,True,True,0,0,True,[ERROR] Failed to run BiShengIR regbase pipeline | [ERROR] Failed to run BiShengIR regbase pipeline | [ERROR] Failed to run BiShengIR regbase pipeline
triton.language.advance.ttadapter,False,False,False,4096,4096,4096,0.5,0.5,0.5,True,True,0,0,True,[ERROR] Failed to run BiShengIR regbase pipeline | [ERROR] Failed to run BiShengIR regbase pipeline | [ERROR] Failed to run BiShengIR regbase pipeline
triton.language.and.ttadapter,False,False,False,512,512,512,0.0625,0.0625,0.0625,True,True,0,0,True,[ERROR] Failed to run BiShengIR regbase pipeline | [ERROR] Failed to run BiShengIR regbase pipeline | [ERROR] Failed to run BiShengIR regbase pipeline
triton.language.arange.ttadapter,False,False,False,4096,4096,4096,0.5,0.5,0.5,True,True,0,0,True,[ERROR] Failed to run BiShengIR regbase pipeline | [ERROR] Failed to run BiShengIR regbase pipeline | [ERROR] Failed to run BiShengIR regbase pipeline
triton.language.argmax.ttadapter,False,False,False,1536,1536,1536,0.1875,0.1875,0.1875,True,True,0,0,True,[ERROR] Failed to run BiShengIR regbase pipeline | [ERROR] Failed to run BiShengIR regbase pipeline | [ERROR] Failed to run BiShengIR regbase pipeline
triton.language.argmin.ttadapter,False,False,False,1536,1536,1536,0.1875,0.1875,0.1875,True,True,0,0,True,[ERROR] Failed to run BiShengIR regbase pipeline | [ERROR] Failed to run BiShengIR regbase pipeline | [ERROR] Failed to run BiShengIR regbase pipeline
triton.language.associative_scan.ttadapter,False,False,False,2048,2048,2048,0.25,0.25,0.25,True,True,0,0,True,[ERROR] Failed to run BiShengIR regbase pipeline | [ERROR] Failed to run BiShengIR regbase pipeline | [ERROR] Failed to run BiShengIR regbase pipeline
triton.language.assume.ttadapter,False,False,False,8192,8192,8192,1.0,1.0,1.0,True,True,0,0,True,[ERROR] Failed to run BiShengIR regbase pipeline | [ERROR] Failed to run BiShengIR regbase pipeline | [ERROR] Failed to run BiShengIR regbase pipeline
triton.language.atomic_add.ttadapter,False,False,False,32768,32768,32768,4.0,4.0,4.0,True,True,0,0,True,[ERROR] Failed to run BiShengIR regbase pipeline | [ERROR] Failed to run BiShengIR regbase pipeline | [ERROR] Failed to run BiShengIR regbase pipeline
triton.language.atomic_and.ttadapter,False,False,False,49152,49152,49152,6.0,6.0,6.0,True,True,0,0,True,[ERROR] Failed to run BiShengIR regbase pipeline | [ERROR] Failed to run BiShengIR regbase pipeline | [ERROR] Failed to run BiShengIR regbase pipeline
triton.language.atomic_cas.ttadapter,False,False,False,,,,,,,False,False,0,0,False,
triton.language.atomic_max.ttadapter,False,False,False,256,256,256,0.03125,0.03125,0.03125,True,True,0,0,True,[ERROR] Failed to run BiShengIR regbase pipeline | [ERROR] Failed to run BiShengIR regbase pipeline | [ERROR] Failed to run BiShengIR regbase pipeline
triton.language.atomic_min.ttadapter,False,False,False,256,256,256,0.03125,0.03125,0.03125,True,True,0,0,True,[ERROR] Failed to run BiShengIR regbase pipeline | [ERROR] Failed to run BiShengIR regbase pipeline | [ERROR] Failed to run BiShengIR regbase pipeline
triton.language.atomic_or.ttadapter,False,False,False,49152,49152,49152,6.0,6.0,6.0,True,True,0,0,True,[ERROR] Failed to run BiShengIR regbase pipeline | [ERROR] Failed to run BiShengIR regbase pipeline | [ERROR] Failed to run BiShengIR regbase pipeline
triton.language.atomic_xchg.ttadapter,False,False,False,,,,,,,False,False,0,0,False,
triton.language.atomic_xor.ttadapter,False,False,False,81920,81920,81920,10.0,10.0,10.0,True,True,0,0,True,[ERROR] Failed to run BiShengIR regbase pipeline | [ERROR] Failed to run BiShengIR regbase pipeline | [ERROR] Failed to run BiShengIR regbase pipeline
triton.language.broadcast_to.ttadapter,False,False,False,4608,4608,4608,0.5625,0.5625,0.5625,True,True,0,0,True,[ERROR] Failed to run BiShengIR regbase pipeline | [ERROR] Failed to run BiShengIR regbase pipeline | [ERROR] Failed to run BiShengIR regbase pipeline
triton.language.cast.ttadapter,False,False,False,256,256,256,0.03125,0.03125,0.03125,True,True,0,0,True,[ERROR] Failed to run BiShengIR regbase pipeline | [ERROR] Failed to run BiShengIR regbase pipeline | [ERROR] Failed to run BiShengIR regbase pipeline
triton.language.cat.ttadapter,False,False,False,1024,1024,1024,0.125,0.125,0.125,True,True,0,0,True,[ERROR] Failed to run BiShengIR regbase pipeline | [ERROR] Failed to run BiShengIR regbase pipeline | [ERROR] Failed to run BiShengIR regbase pipeline
triton.language.cdiv.ttadapter,False,False,False,4096,4096,4096,0.5,0.5,0.5,True,True,0,0,True,[ERROR] Failed to run BiShengIR regbase pipeline | [ERROR] Failed to run BiShengIR regbase pipeline | [ERROR] Failed to run BiShengIR regbase pipeline
triton.language.ceil.ttadapter,False,False,False,2048,2048,2048,0.25,0.25,0.25,True,True,0,0,True,[ERROR] Failed to run BiShengIR regbase pipeline | [ERROR] Failed to run BiShengIR regbase pipeline | [ERROR] Failed to run BiShengIR regbase pipeline
triton.language.clamp.ttadapter,False,False,False,3072,3072,3072,0.375,0.375,0.375,True,True,0,0,True,[ERROR] Failed to run BiShengIR regbase pipeline | [ERROR] Failed to run BiShengIR regbase pipeline | [ERROR] Failed to run BiShengIR regbase pipeline
triton.language.cos.ttadapter,False,False,False,12288,12288,12288,1.5,1.5,1.5,True,True,0,0,True,[ERROR] Failed to run BiShengIR regbase pipeline | [ERROR] Failed to run BiShengIR regbase pipeline | [ERROR] Failed to run BiShengIR regbase pipeline
triton.language.cumprod.ttadapter,False,False,False,2048,2048,2048,0.25,0.25,0.25,True,True,0,0,True,[ERROR] Failed to run BiShengIR regbase pipeline | [ERROR] Failed to run BiShengIR regbase pipeline | [ERROR] Failed to run BiShengIR regbase pipeline
triton.language.cumsum.ttadapter,False,False,False,2048,2048,2048,0.25,0.25,0.25,True,True,0,0,True,[ERROR] Failed to run BiShengIR regbase pipeline | [ERROR] Failed to run BiShengIR regbase pipeline | [ERROR] Failed to run BiShengIR regbase pipeline
triton.language.debug_barrier.ttadapter,False,False,False,4096,4096,4096,0.5,0.5,0.5,True,True,0,0,True,[ERROR] Failed to run BiShengIR regbase pipeline | [ERROR] Failed to run BiShengIR regbase pipeline | [ERROR] Failed to run BiShengIR regbase pipeline
triton.language.device_assert.ttadapter,False,False,False,256,256,256,0.03125,0.03125,0.03125,True,True,0,0,True,[ERROR] Failed to run BiShengIR regbase pipeline | [ERROR] Failed to run BiShengIR regbase pipeline | [ERROR] Failed to run BiShengIR regbase pipeline
triton.language.device_print.ttadapter,False,False,False,256,256,256,0.03125,0.03125,0.03125,True,True,0,0,True,[ERROR] Failed to run BiShengIR regbase pipeline | [ERROR] Failed to run BiShengIR regbase pipeline | [ERROR] Failed to run BiShengIR regbase pipeline
triton.language.div_rn.ttadapter,False,False,False,4096,4096,4096,0.5,0.5,0.5,True,True,0,0,True,[ERROR] Failed to run BiShengIR regbase pipeline | [ERROR] Failed to run BiShengIR regbase pipeline | [ERROR] Failed to run BiShengIR regbase pipeline
triton.language.dot.ttadapter,False,False,False,,,,,,,True,True,0,0,False,[ERROR] Failed to run BiShengIR regbase pipeline | [ERROR] Failed to run BiShengIR regbase pipeline | [ERROR] Failed to run BiShengIR regbase pipeline
triton.language.dot_scaled.ttadapter,False,False,False,25600,25600,25600,3.125,3.125,3.125,True,True,0,0,True,[ERROR] Failed to run BiShengIR regbase pipeline | [ERROR] Failed to run BiShengIR regbase pipeline | [ERROR] Failed to run BiShengIR regbase pipeline
triton.language.eq.ttadapter,False,False,False,2304,2304,2304,0.28125,0.28125,0.28125,True,True,0,0,True,[ERROR] Failed to run BiShengIR regbase pipeline | [ERROR] Failed to run BiShengIR regbase pipeline | [ERROR] Failed to run BiShengIR regbase pipeline
triton.language.erf.ttadapter,False,False,False,2048,2048,2048,0.25,0.25,0.25,True,True,0,0,True,[ERROR] Failed to run BiShengIR regbase pipeline | [ERROR] Failed to run BiShengIR regbase pipeline | [ERROR] Failed to run BiShengIR regbase pipeline
triton.language.exp.ttadapter,False,False,False,2048,2048,2048,0.25,0.25,0.25,True,True,0,0,True,[ERROR] Failed to run BiShengIR regbase pipeline | [ERROR] Failed to run BiShengIR regbase pipeline | [ERROR] Failed to run BiShengIR regbase pipeline
triton.language.exp2.ttadapter,False,False,False,2048,2048,2048,0.25,0.25,0.25,True,True,0,0,True,[ERROR] Failed to run BiShengIR regbase pipeline | [ERROR] Failed to run BiShengIR regbase pipeline | [ERROR] Failed to run BiShengIR regbase pipeline
triton.language.expand_dims.ttadapter,False,False,False,256,256,256,0.03125,0.03125,0.03125,True,True,0,0,True,[ERROR] Failed to run BiShengIR regbase pipeline | [ERROR] Failed to run BiShengIR regbase pipeline | [ERROR] Failed to run BiShengIR regbase pipeline
triton.language.extra.cann.extension.extract_slice.ttadapter,False,False,False,66560,66560,66560,8.125,8.125,8.125,True,True,0,0,True,[ERROR] Failed to run BiShengIR regbase pipeline | [ERROR] Failed to run BiShengIR regbase pipeline | [ERROR] Failed to run BiShengIR regbase pipeline
triton.language.extra.cann.extension.gather_out_to_ub.ttadapter,False,False,False,,,,,,,True,True,0,0,False,LLVM ERROR: Failed to obtain op buffer shape size which should be static. | LLVM ERROR: Failed to obtain op buffer shape size which should be static. | LLVM ERROR: Failed to obtain op buffer shape size which should be static.
triton.language.extra.cann.extension.get_element.ttadapter,False,False,False,177920,177920,177920,21.71875,21.71875,21.71875,True,True,0,0,True,[ERROR] Failed to run BiShengIR regbase pipeline | [ERROR] Failed to run BiShengIR regbase pipeline | [ERROR] Failed to run BiShengIR regbase pipeline
triton.language.extra.cann.extension.index_put.ttadapter,False,False,False,,,,,,,True,True,0,0,False,LLVM ERROR: Failed to obtain op buffer shape size which should be static. | LLVM ERROR: Failed to obtain op buffer shape size which should be static. | LLVM ERROR: Failed to obtain op buffer shape size which should be static.
triton.language.extra.cann.extension.insert_slice.ttadapter,False,False,False,99328,99328,99328,12.125,12.125,12.125,True,True,0,0,True,[ERROR] Failed to run BiShengIR regbase pipeline | [ERROR] Failed to run BiShengIR regbase pipeline | [ERROR] Failed to run BiShengIR regbase pipeline
triton.language.extra.cann.extension.parallel.ttadapter,False,False,False,786432,786432,786432,96.0,96.0,96.0,True,True,0,0,True,[ERROR] Failed to run BiShengIR regbase pipeline | [ERROR] Failed to run BiShengIR regbase pipeline | [ERROR] Failed to run BiShengIR regbase pipeline
triton.language.extra.cann.extension.scatter_ub_to_out.ttadapter,False,False,False,,,,,,,True,True,0,0,False,LLVM ERROR: Failed to obtain op buffer shape size which should be static. | LLVM ERROR: Failed to obtain op buffer shape size which should be static. | LLVM ERROR: Failed to obtain op buffer shape size which should be static.
triton.language.extra.cann.extension.sort.ttadapter,False,False,False,21504,21504,21504,2.625,2.625,2.625,True,True,0,0,True,[ERROR] Failed to run BiShengIR regbase pipeline | [ERROR] Failed to run BiShengIR regbase pipeline | [ERROR] Failed to run BiShengIR regbase pipeline
triton.language.extra.cann.extension.sync_block_all.ttadapter,False,False,False,,,,,,,True,True,0,0,False,[ERROR] Failed to run BiShengIR regbase pipeline | [ERROR] Failed to run BiShengIR regbase pipeline | [ERROR] Failed to run BiShengIR regbase pipeline
triton.language.fdiv.ttadapter,False,False,False,4096,4096,4096,0.5,0.5,0.5,True,True,0,0,True,[ERROR] Failed to run BiShengIR regbase pipeline | [ERROR] Failed to run BiShengIR regbase pipeline | [ERROR] Failed to run BiShengIR regbase pipeline
triton.language.flip.ttadapter,False,False,False,196608,196608,196608,24.0,24.0,24.0,True,True,0,0,True,[ERROR] Failed to run BiShengIR regbase pipeline | [ERROR] Failed to run BiShengIR regbase pipeline | [ERROR] Failed to run BiShengIR regbase pipeline
triton.language.floor.ttadapter,False,False,False,2048,2048,2048,0.25,0.25,0.25,True,True,0,0,True,[ERROR] Failed to run BiShengIR regbase pipeline | [ERROR] Failed to run BiShengIR regbase pipeline | [ERROR] Failed to run BiShengIR regbase pipeline
triton.language.fma.ttadapter,False,False,False,6144,6144,6144,0.75,0.75,0.75,True,True,0,0,True,[ERROR] Failed to run BiShengIR regbase pipeline | [ERROR] Failed to run BiShengIR regbase pipeline | [ERROR] Failed to run BiShengIR regbase pipeline
triton.language.full.ttadapter,False,False,False,1024,1024,1024,0.125,0.125,0.125,True,True,0,0,True,[ERROR] Failed to run BiShengIR regbase pipeline | [ERROR] Failed to run BiShengIR regbase pipeline | [ERROR] Failed to run BiShengIR regbase pipeline
triton.language.gather.ttadapter,False,False,False,2048,2048,2048,0.25,0.25,0.25,True,True,0,0,True,[ERROR] Failed to run BiShengIR regbase pipeline | [ERROR] Failed to run BiShengIR regbase pipeline | [ERROR] Failed to run BiShengIR regbase pipeline
triton.language.ge.ttadapter,False,False,False,4096,4096,4096,0.5,0.5,0.5,True,True,0,0,True,[ERROR] Failed to run BiShengIR regbase pipeline | [ERROR] Failed to run BiShengIR regbase pipeline | [ERROR] Failed to run BiShengIR regbase pipeline
triton.language.gt.ttadapter,False,False,False,4096,4096,4096,0.5,0.5,0.5,True,True,0,0,True,[ERROR] Failed to run BiShengIR regbase pipeline | [ERROR] Failed to run BiShengIR regbase pipeline | [ERROR] Failed to run BiShengIR regbase pipeline
triton.language.histogram.ttadapter,False,False,False,65792,65792,65792,8.03125,8.03125,8.03125,True,True,0,0,True,[ERROR] Failed to run BiShengIR regbase pipeline | [ERROR] Failed to run BiShengIR regbase pipeline | [ERROR] Failed to run BiShengIR regbase pipeline
triton.language.index_select_simd.ttadapter,False,False,False,1792,1792,1792,0.21875,0.21875,0.21875,True,True,0,0,True,[ERROR] Failed to run BiShengIR regbase pipeline | [ERROR] Failed to run BiShengIR regbase pipeline | [ERROR] Failed to run BiShengIR regbase pipeline
triton.language.inline_asm_elementwise.ttadapter,False,False,False,24576,24576,24576,3.0,3.0,3.0,True,True,0,0,True,[ERROR] Failed to run BiShengIR regbase pipeline | [ERROR] Failed to run BiShengIR regbase pipeline | [ERROR] Failed to run BiShengIR regbase pipeline
triton.language.interleave.ttadapter,False,False,False,1024,1024,1024,0.125,0.125,0.125,True,True,0,0,True,[ERROR] Failed to run BiShengIR regbase pipeline | [ERROR] Failed to run BiShengIR regbase pipeline | [ERROR] Failed to run BiShengIR regbase pipeline
triton.language.invert.ttadapter,False,False,False,256,256,256,0.03125,0.03125,0.03125,True,True,0,0,True,[ERROR] Failed to run BiShengIR regbase pipeline | [ERROR] Failed to run BiShengIR regbase pipeline | [ERROR] Failed to run BiShengIR regbase pipeline
triton.language.join.ttadapter,False,False,False,1024,1024,1024,0.125,0.125,0.125,True,True,0,0,True,[ERROR] Failed to run BiShengIR regbase pipeline | [ERROR] Failed to run BiShengIR regbase pipeline | [ERROR] Failed to run BiShengIR regbase pipeline
triton.language.le.ttadapter,False,False,False,4096,4096,4096,0.5,0.5,0.5,True,True,0,0,True,[ERROR] Failed to run BiShengIR regbase pipeline | [ERROR] Failed to run BiShengIR regbase pipeline | [ERROR] Failed to run BiShengIR regbase pipeline
triton.language.load.ttadapter,False,False,False,4096,4096,4096,0.5,0.5,0.5,True,True,0,0,True,[ERROR] Failed to run BiShengIR regbase pipeline | [ERROR] Failed to run BiShengIR regbase pipeline | [ERROR] Failed to run BiShengIR regbase pipeline
triton.language.load_tensor_descriptor.ttadapter,False,False,False,32768,32768,32768,4.0,4.0,4.0,True,True,0,0,True,[ERROR] Failed to run BiShengIR regbase pipeline | [ERROR] Failed to run BiShengIR regbase pipeline | [ERROR] Failed to run BiShengIR regbase pipeline
triton.language.log.ttadapter,False,False,False,2048,2048,2048,0.25,0.25,0.25,True,True,0,0,True,[ERROR] Failed to run BiShengIR regbase pipeline | [ERROR] Failed to run BiShengIR regbase pipeline | [ERROR] Failed to run BiShengIR regbase pipeline
triton.language.log2.ttadapter,False,False,False,2048,2048,2048,0.25,0.25,0.25,True,True,0,0,True,[ERROR] Failed to run BiShengIR regbase pipeline | [ERROR] Failed to run BiShengIR regbase pipeline | [ERROR] Failed to run BiShengIR regbase pipeline
triton.language.logical_and.ttadapter,False,False,False,4096,4096,4096,0.5,0.5,0.5,True,True,0,0,True,[ERROR] Failed to run BiShengIR regbase pipeline | [ERROR] Failed to run BiShengIR regbase pipeline | [ERROR] Failed to run BiShengIR regbase pipeline
triton.language.logical_or.ttadapter,False,False,False,4096,4096,4096,0.5,0.5,0.5,True,True,0,0,True,[ERROR] Failed to run BiShengIR regbase pipeline | [ERROR] Failed to run BiShengIR regbase pipeline | [ERROR] Failed to run BiShengIR regbase pipeline
triton.language.lshift.ttadapter,False,False,False,1024,1024,1024,0.125,0.125,0.125,True,True,0,0,True,[ERROR] Failed to run BiShengIR regbase pipeline | [ERROR] Failed to run BiShengIR regbase pipeline | [ERROR] Failed to run BiShengIR regbase pipeline
triton.language.lt.ttadapter,False,False,False,4096,4096,4096,0.5,0.5,0.5,True,True,0,0,True,[ERROR] Failed to run BiShengIR regbase pipeline | [ERROR] Failed to run BiShengIR regbase pipeline | [ERROR] Failed to run BiShengIR regbase pipeline
triton.language.make_block_ptr.ttadapter,False,False,False,1024,1024,1024,0.125,0.125,0.125,True,True,0,0,True,[ERROR] Failed to run BiShengIR regbase pipeline | [ERROR] Failed to run BiShengIR regbase pipeline | [ERROR] Failed to run BiShengIR regbase pipeline
triton.language.max.ttadapter,False,False,False,1280,1280,1280,0.15625,0.15625,0.15625,True,True,0,0,True,[ERROR] Failed to run BiShengIR regbase pipeline | [ERROR] Failed to run BiShengIR regbase pipeline | [ERROR] Failed to run BiShengIR regbase pipeline
triton.language.max_constancy.ttadapter,False,False,False,4096,4096,4096,0.5,0.5,0.5,True,True,0,0,True,[ERROR] Failed to run BiShengIR regbase pipeline | [ERROR] Failed to run BiShengIR regbase pipeline | [ERROR] Failed to run BiShengIR regbase pipeline
triton.language.max_contiguous.ttadapter,False,False,False,4096,4096,4096,0.5,0.5,0.5,True,True,0,0,True,[ERROR] Failed to run BiShengIR regbase pipeline | [ERROR] Failed to run BiShengIR regbase pipeline | [ERROR] Failed to run BiShengIR regbase pipeline
triton.language.min.ttadapter,False,False,False,1280,1280,1280,0.15625,0.15625,0.15625,True,True,0,0,True,[ERROR] Failed to run BiShengIR regbase pipeline | [ERROR] Failed to run BiShengIR regbase pipeline | [ERROR] Failed to run BiShengIR regbase pipeline
triton.language.multiple_of.ttadapter,False,False,False,4096,4096,4096,0.5,0.5,0.5,True,True,0,0,True,[ERROR] Failed to run BiShengIR regbase pipeline | [ERROR] Failed to run BiShengIR regbase pipeline | [ERROR] Failed to run BiShengIR regbase pipeline
triton.language.ne.ttadapter,False,False,False,2304,2304,2304,0.28125,0.28125,0.28125,True,True,0,0,True,[ERROR] Failed to run BiShengIR regbase pipeline | [ERROR] Failed to run BiShengIR regbase pipeline | [ERROR] Failed to run BiShengIR regbase pipeline
triton.language.neg.ttadapter,False,False,False,256,256,256,0.03125,0.03125,0.03125,True,True,0,0,True,[ERROR] Failed to run BiShengIR regbase pipeline | [ERROR] Failed to run BiShengIR regbase pipeline | [ERROR] Failed to run BiShengIR regbase pipeline
triton.language.not.ttadapter,False,False,False,256,256,256,0.03125,0.03125,0.03125,True,True,0,0,True,[ERROR] Failed to run BiShengIR regbase pipeline | [ERROR] Failed to run BiShengIR regbase pipeline | [ERROR] Failed to run BiShengIR regbase pipeline
triton.language.or.ttadapter,False,False,False,512,512,512,0.0625,0.0625,0.0625,True,True,0,0,True,[ERROR] Failed to run BiShengIR regbase pipeline | [ERROR] Failed to run BiShengIR regbase pipeline | [ERROR] Failed to run BiShengIR regbase pipeline
triton.language.permute.ttadapter,False,False,False,1536,1536,1536,0.1875,0.1875,0.1875,True,True,0,0,True,[ERROR] Failed to run BiShengIR regbase pipeline | [ERROR] Failed to run BiShengIR regbase pipeline | [ERROR] Failed to run BiShengIR regbase pipeline
triton.language.rand.ttadapter,False,False,False,256,256,256,0.03125,0.03125,0.03125,True,True,0,0,True,[ERROR] Failed to run BiShengIR regbase pipeline | [ERROR] Failed to run BiShengIR regbase pipeline | [ERROR] Failed to run BiShengIR regbase pipeline
triton.language.randint.ttadapter,False,False,False,256,256,256,0.03125,0.03125,0.03125,True,True,0,0,True,[ERROR] Failed to run BiShengIR regbase pipeline | [ERROR] Failed to run BiShengIR regbase pipeline | [ERROR] Failed to run BiShengIR regbase pipeline
triton.language.randn.ttadapter,False,False,False,15104,15104,17664,1.84375,1.84375,2.15625,True,True,0,0,True,[ERROR] Failed to run BiShengIR regbase pipeline | [ERROR] Failed to run BiShengIR regbase pipeline | [ERROR] Failed to run BiShengIR regbase pipeline
triton.language.range.ttadapter,False,False,False,768,768,768,0.09375,0.09375,0.09375,True,True,0,0,True,[ERROR] Failed to run BiShengIR regbase pipeline | [ERROR] Failed to run BiShengIR regbase pipeline | [ERROR] Failed to run BiShengIR regbase pipeline
triton.language.ravel.ttadapter,False,False,False,256,256,256,0.03125,0.03125,0.03125,True,True,0,0,True,[ERROR] Failed to run BiShengIR regbase pipeline | [ERROR] Failed to run BiShengIR regbase pipeline | [ERROR] Failed to run BiShengIR regbase pipeline
triton.language.reduce.ttadapter,False,False,False,1280,1280,1280,0.15625,0.15625,0.15625,True,True,0,0,True,[ERROR] Failed to run BiShengIR regbase pipeline | [ERROR] Failed to run BiShengIR regbase pipeline | [ERROR] Failed to run BiShengIR regbase pipeline
triton.language.reshape.ttadapter,False,False,False,768,768,768,0.09375,0.09375,0.09375,True,True,0,0,True,[ERROR] Failed to run BiShengIR regbase pipeline | [ERROR] Failed to run BiShengIR regbase pipeline | [ERROR] Failed to run BiShengIR regbase pipeline
triton.language.rshift.ttadapter,False,False,False,1024,1024,1024,0.125,0.125,0.125,True,True,0,0,True,[ERROR] Failed to run BiShengIR regbase pipeline | [ERROR] Failed to run BiShengIR regbase pipeline | [ERROR] Failed to run BiShengIR regbase pipeline
triton.language.rsqrt.ttadapter,False,False,False,65536,65536,65536,8.0,8.0,8.0,True,True,0,0,True,[ERROR] Failed to run BiShengIR regbase pipeline | [ERROR] Failed to run BiShengIR regbase pipeline | [ERROR] Failed to run BiShengIR regbase pipeline
triton.language.sigmoid.ttadapter,False,False,False,65536,65536,65536,8.0,8.0,8.0,True,True,0,0,True,[ERROR] Failed to run BiShengIR regbase pipeline | [ERROR] Failed to run BiShengIR regbase pipeline | [ERROR] Failed to run BiShengIR regbase pipeline
triton.language.sin.ttadapter,False,False,False,600064,600064,698368,73.25,73.25,85.25,True,True,0,0,True,[ERROR] Failed to run BiShengIR regbase pipeline | [ERROR] Failed to run BiShengIR regbase pipeline | [ERROR] Failed to run BiShengIR regbase pipeline
triton.language.softmax.ttadapter,False,False,False,18432,18432,51200,2.25,2.25,6.25,True,True,0,0,True,[ERROR] Failed to run BiShengIR regbase pipeline | [ERROR] Failed to run BiShengIR regbase pipeline | [ERROR] Failed to run BiShengIR regbase pipeline
triton.language.sort.ttadapter,False,False,False,512,512,768,0.0625,0.0625,0.09375,True,True,0,0,True,[ERROR] Failed to run BiShengIR regbase pipeline | [ERROR] Failed to run BiShengIR regbase pipeline | [ERROR] Failed to run BiShengIR regbase pipeline
triton.language.split.ttadapter,False,False,False,768,768,768,0.09375,0.09375,0.09375,True,True,0,0,True,[ERROR] Failed to run BiShengIR regbase pipeline | [ERROR] Failed to run BiShengIR regbase pipeline | [ERROR] Failed to run BiShengIR regbase pipeline
triton.language.sqrt.ttadapter,False,False,False,65536,65536,65536,8.0,8.0,8.0,True,True,0,0,True,[ERROR] Failed to run BiShengIR regbase pipeline | [ERROR] Failed to run BiShengIR regbase pipeline | [ERROR] Failed to run BiShengIR regbase pipeline
triton.language.sqrt_rn.ttadapter,False,False,False,65536,65536,65536,8.0,8.0,8.0,True,True,0,0,True,[ERROR] Failed to run BiShengIR regbase pipeline | [ERROR] Failed to run BiShengIR regbase pipeline | [ERROR] Failed to run BiShengIR regbase pipeline
triton.language.static_assert.ttadapter,False,False,False,4096,4096,4096,0.5,0.5,0.5,True,True,0,0,True,[ERROR] Failed to run BiShengIR regbase pipeline | [ERROR] Failed to run BiShengIR regbase pipeline | [ERROR] Failed to run BiShengIR regbase pipeline
triton.language.static_print.ttadapter,False,False,False,4096,4096,4096,0.5,0.5,0.5,True,True,0,0,True,[ERROR] Failed to run BiShengIR regbase pipeline | [ERROR] Failed to run BiShengIR regbase pipeline | [ERROR] Failed to run BiShengIR regbase pipeline
triton.language.static_range.ttadapter,False,False,False,32768,32768,32768,4.0,4.0,4.0,True,True,0,0,True,[ERROR] Failed to run BiShengIR regbase pipeline | [ERROR] Failed to run BiShengIR regbase pipeline | [ERROR] Failed to run BiShengIR regbase pipeline
triton.language.sum.ttadapter,False,False,False,1280,1280,1280,0.15625,0.15625,0.15625,True,True,0,0,True,[ERROR] Failed to run BiShengIR regbase pipeline | [ERROR] Failed to run BiShengIR regbase pipeline | [ERROR] Failed to run BiShengIR regbase pipeline
triton.language.swizzle2d.ttadapter,False,False,False,512,512,512,0.0625,0.0625,0.0625,True,True,0,0,True,[ERROR] Failed to run BiShengIR regbase pipeline | [ERROR] Failed to run BiShengIR regbase pipeline | [ERROR] Failed to run BiShengIR regbase pipeline
triton.language.topk.ttadapter,False,False,False,2816,2816,4352,0.34375,0.34375,0.53125,True,True,0,0,True,[ERROR] Failed to run BiShengIR regbase pipeline | [ERROR] Failed to run BiShengIR regbase pipeline | [ERROR] Failed to run BiShengIR regbase pipeline
triton.language.trans.ttadapter,False,False,False,1536,1536,1536,0.1875,0.1875,0.1875,True,True,0,0,True,[ERROR] Failed to run BiShengIR regbase pipeline | [ERROR] Failed to run BiShengIR regbase pipeline | [ERROR] Failed to run BiShengIR regbase pipeline
triton.language.umulhi.ttadapter,False,False,False,1024,1024,1024,0.125,0.125,0.125,True,True,0,0,True,[ERROR] Failed to run BiShengIR regbase pipeline | [ERROR] Failed to run BiShengIR regbase pipeline | [ERROR] Failed to run BiShengIR regbase pipeline
triton.language.view.ttadapter,False,False,False,768,768,768,0.09375,0.09375,0.09375,True,True,0,0,True,[ERROR] Failed to run BiShengIR regbase pipeline | [ERROR] Failed to run BiShengIR regbase pipeline | [ERROR] Failed to run BiShengIR regbase pipeline
triton.language.where.ttadapter,False,False,False,512,512,512,0.0625,0.0625,0.0625,True,True,0,0,True,[ERROR] Failed to run BiShengIR regbase pipeline | [ERROR] Failed to run BiShengIR regbase pipeline | [ERROR] Failed to run BiShengIR regbase pipeline
triton.language.xor.ttadapter,False,False,False,512,512,512,0.0625,0.0625,0.0625,True,True,0,0,True,[ERROR] Failed to run BiShengIR regbase pipeline | [ERROR] Failed to run BiShengIR regbase pipeline | [ERROR] Failed to run BiShengIR regbase pipeline
triton.language.xor_sum.ttadapter,False,False,False,1280,1280,1280,0.15625,0.15625,0.15625,True,True,0,0,True,[ERROR] Failed to run BiShengIR regbase pipeline | [ERROR] Failed to run BiShengIR regbase pipeline | [ERROR] Failed to run BiShengIR regbase pipeline
triton.language.zeros.ttadapter,False,False,False,1024,1024,1024,0.125,0.125,0.125,True,True,0,0,True,[ERROR] Failed to run BiShengIR regbase pipeline | [ERROR] Failed to run BiShengIR regbase pipeline | [ERROR] Failed to run BiShengIR regbase pipeline
triton.language.zeros_like.ttadapter,False,False,False,1024,1024,1024,0.125,0.125,0.125,True,True,0,0,True,[ERROR] Failed to run BiShengIR regbase pipeline | [ERROR] Failed to run BiShengIR regbase pipeline | [ERROR] Failed to run BiShengIR regbase pipeline
triton_hivm_launch_smoke.ttadapter,False,False,False,65536,65536,65536,8.0,8.0,8.0,True,True,0,0,True,[ERROR] Failed to run BiShengIR regbase pipeline | [ERROR] Failed to run BiShengIR regbase pipeline | [ERROR] Failed to run BiShengIR regbase pipeline
vector_add_2x_bench.ttadapter,False,False,False,131072,131072,131072,16.0,16.0,16.0,True,True,0,0,True,[ERROR] Failed to run BiShengIR regbase pipeline | [ERROR] Failed to run BiShengIR regbase pipeline | [ERROR] Failed to run BiShengIR regbase pipeline
vv_layernorm_2048.ttadapter,False,False,False,656896,656896,656896,80.1875,80.1875,80.1875,True,True,0,0,True,[ERROR] Failed to run BiShengIR regbase pipeline | [ERROR] Failed to run BiShengIR regbase pipeline | [ERROR] Failed to run BiShengIR regbase pipeline
vv_layernorm_4096.ttadapter,False,False,False,1312256,1312256,1312256,160.1875,160.1875,160.1875,True,True,0,0,True,[ERROR] Failed to run BiShengIR regbase pipeline | [ERROR] Failed to run BiShengIR regbase pipeline | [ERROR] Failed to run BiShengIR regbase pipeline
vv_layernorm_8192.ttadapter,False,False,False,1835520,1835520,1835520,224.0625,224.0625,224.0625,True,True,0,0,True,[ERROR] Failed to run BiShengIR regbase pipeline | [ERROR] Failed to run BiShengIR regbase pipeline | [ERROR] Failed to run BiShengIR regbase pipeline
vv_softmax_8192.ttadapter,False,False,False,524800,524800,786944,64.0625,64.0625,96.0625,True,True,0,0,True,[ERROR] Failed to run BiShengIR regbase pipeline | [ERROR] Failed to run BiShengIR regbase pipeline | [ERROR] Failed to run BiShengIR regbase pipeline
vv_vector_add_8192.ttadapter,False,False,False,524288,524288,524288,64.0,64.0,64.0,True,True,0,0,True,[ERROR] Failed to run BiShengIR regbase pipeline | [ERROR] Failed to run BiShengIR regbase pipeline | [ERROR] Failed to run BiShengIR regbase pipeline
