adapter,vf_merge_level,elapsed_s,returncode,timed_out,pass_observed,pass_attempts,affected,affected_attempts,changed_diff_lines_max,vector_functions_before_max,vector_functions_after_max,before_sha256,after_sha256,ub_reported_bits,ub_bits,ub_bytes,ub_kib,ub_line_observed,diagnostic
ascend_tutorial_01-vector-add.ttadapter,0,0.037195,1,False,False,0,False,0,0,0,0,,,32768,32768,4096,4.0,True,
ascend_tutorial_01-vector-add.ttadapter,1,0.060943,1,False,True,1,False,0,0,0,0,40fbbb5f98d37d00eb7503779081463032a57a40c8c7aea93d4e3fd7c7b88ae8,40fbbb5f98d37d00eb7503779081463032a57a40c8c7aea93d4e3fd7c7b88ae8,32768,32768,4096,4.0,True,
ascend_tutorial_01-vector-add.ttadapter,2,0.054546,1,False,True,1,False,0,0,0,0,40fbbb5f98d37d00eb7503779081463032a57a40c8c7aea93d4e3fd7c7b88ae8,40fbbb5f98d37d00eb7503779081463032a57a40c8c7aea93d4e3fd7c7b88ae8,32768,32768,4096,4.0,True,
ascend_tutorial_02-fused-softmax.ttadapter,0,0.04234,1,False,False,0,False,0,0,0,0,,,68096,68096,8512,8.3125,True,
ascend_tutorial_02-fused-softmax.ttadapter,1,0.043826,1,False,True,1,False,0,0,0,0,40fbbb5f98d37d00eb7503779081463032a57a40c8c7aea93d4e3fd7c7b88ae8,40fbbb5f98d37d00eb7503779081463032a57a40c8c7aea93d4e3fd7c7b88ae8,68096,68096,8512,8.3125,True,
ascend_tutorial_02-fused-softmax.ttadapter,2,0.045148,1,False,True,1,False,0,0,0,0,40fbbb5f98d37d00eb7503779081463032a57a40c8c7aea93d4e3fd7c7b88ae8,40fbbb5f98d37d00eb7503779081463032a57a40c8c7aea93d4e3fd7c7b88ae8,68096,68096,8512,8.3125,True,
ascend_tutorial_03-matrix-multiplication.ttadapter,0,0.06885,1,False,False,0,False,0,0,0,0,,,329728,329728,41216,40.25,True,
ascend_tutorial_03-matrix-multiplication.ttadapter,1,0.078959,1,False,True,1,False,0,0,0,0,6d8b0fc47acdd7235a35cd29cf1e745da3edd5efe000ac3855d63ea284b267e0,6d8b0fc47acdd7235a35cd29cf1e745da3edd5efe000ac3855d63ea284b267e0,329728,329728,41216,40.25,True,
ascend_tutorial_03-matrix-multiplication.ttadapter,2,0.068973,1,False,True,1,False,0,0,0,0,6d8b0fc47acdd7235a35cd29cf1e745da3edd5efe000ac3855d63ea284b267e0,6d8b0fc47acdd7235a35cd29cf1e745da3edd5efe000ac3855d63ea284b267e0,329728,329728,41216,40.25,True,
ascend_tutorial_04-low-memory-dropout.ttadapter,0,0.037633,1,False,False,0,False,0,0,0,0,,,98560,98560,12320,12.03125,True,
ascend_tutorial_04-low-memory-dropout.ttadapter,1,0.045364,1,False,True,1,False,0,0,0,0,40fbbb5f98d37d00eb7503779081463032a57a40c8c7aea93d4e3fd7c7b88ae8,40fbbb5f98d37d00eb7503779081463032a57a40c8c7aea93d4e3fd7c7b88ae8,98560,98560,12320,12.03125,True,
ascend_tutorial_04-low-memory-dropout.ttadapter,2,0.038594,1,False,True,1,False,0,0,0,0,40fbbb5f98d37d00eb7503779081463032a57a40c8c7aea93d4e3fd7c7b88ae8,40fbbb5f98d37d00eb7503779081463032a57a40c8c7aea93d4e3fd7c7b88ae8,98560,98560,12320,12.03125,True,
ascend_tutorial_05-layer-norm.ttadapter,0,0.051078,1,False,False,0,False,0,0,0,0,,,48128,48128,6016,5.875,True,
ascend_tutorial_05-layer-norm.ttadapter,1,0.064628,1,False,True,1,False,0,0,0,0,40fbbb5f98d37d00eb7503779081463032a57a40c8c7aea93d4e3fd7c7b88ae8,40fbbb5f98d37d00eb7503779081463032a57a40c8c7aea93d4e3fd7c7b88ae8,48128,48128,6016,5.875,True,
ascend_tutorial_05-layer-norm.ttadapter,2,0.067894,1,False,True,1,False,0,0,0,0,40fbbb5f98d37d00eb7503779081463032a57a40c8c7aea93d4e3fd7c7b88ae8,40fbbb5f98d37d00eb7503779081463032a57a40c8c7aea93d4e3fd7c7b88ae8,48128,48128,6016,5.875,True,
ascend_tutorial_06-fused-attention.ttadapter,0,0.14399,1,False,False,0,False,0,0,0,0,,,578560,578560,72320,70.625,True,
ascend_tutorial_06-fused-attention.ttadapter,1,0.145766,1,False,True,1,False,0,0,0,0,b13e5d9a414155c595e3990a6d37df90c7f8ab614c1afd86be7b0831d43fd135,b13e5d9a414155c595e3990a6d37df90c7f8ab614c1afd86be7b0831d43fd135,578560,578560,72320,70.625,True,
ascend_tutorial_06-fused-attention.ttadapter,2,0.156324,1,False,True,1,False,0,0,0,0,b13e5d9a414155c595e3990a6d37df90c7f8ab614c1afd86be7b0831d43fd135,b13e5d9a414155c595e3990a6d37df90c7f8ab614c1afd86be7b0831d43fd135,578560,578560,72320,70.625,True,
ascend_tutorial_07-extern-functions.ttadapter,0,0.058496,1,False,False,0,False,0,0,0,0,,,524544,524544,65568,64.03125,True,
ascend_tutorial_07-extern-functions.ttadapter,1,0.071191,1,False,True,1,False,0,0,0,0,40fbbb5f98d37d00eb7503779081463032a57a40c8c7aea93d4e3fd7c7b88ae8,40fbbb5f98d37d00eb7503779081463032a57a40c8c7aea93d4e3fd7c7b88ae8,524544,524544,65568,64.03125,True,
ascend_tutorial_07-extern-functions.ttadapter,2,0.057129,1,False,True,1,False,0,0,0,0,40fbbb5f98d37d00eb7503779081463032a57a40c8c7aea93d4e3fd7c7b88ae8,40fbbb5f98d37d00eb7503779081463032a57a40c8c7aea93d4e3fd7c7b88ae8,524544,524544,65568,64.03125,True,
ascend_tutorial_08-grouped-gemm.ttadapter,0,0.065577,1,False,False,0,False,0,0,0,0,,,262144,262144,32768,32.0,True,
ascend_tutorial_08-grouped-gemm.ttadapter,1,0.075531,1,False,True,1,False,0,0,0,0,b13e5d9a414155c595e3990a6d37df90c7f8ab614c1afd86be7b0831d43fd135,b13e5d9a414155c595e3990a6d37df90c7f8ab614c1afd86be7b0831d43fd135,262144,262144,32768,32.0,True,
ascend_tutorial_08-grouped-gemm.ttadapter,2,0.098969,1,False,True,1,False,0,0,0,0,b13e5d9a414155c595e3990a6d37df90c7f8ab614c1afd86be7b0831d43fd135,b13e5d9a414155c595e3990a6d37df90c7f8ab614c1afd86be7b0831d43fd135,262144,262144,32768,32.0,True,
ascend_tutorial_09-persistent-matmul.ttadapter,0,0.095256,1,False,False,0,False,0,0,0,0,,,831488,831488,103936,101.5,True,
ascend_tutorial_09-persistent-matmul.ttadapter,1,0.108194,1,False,True,1,False,0,0,0,0,b13e5d9a414155c595e3990a6d37df90c7f8ab614c1afd86be7b0831d43fd135,b13e5d9a414155c595e3990a6d37df90c7f8ab614c1afd86be7b0831d43fd135,831488,831488,103936,101.5,True,
ascend_tutorial_09-persistent-matmul.ttadapter,2,0.118691,1,False,True,1,False,0,0,0,0,b13e5d9a414155c595e3990a6d37df90c7f8ab614c1afd86be7b0831d43fd135,b13e5d9a414155c595e3990a6d37df90c7f8ab614c1afd86be7b0831d43fd135,831488,831488,103936,101.5,True,
attn_cp_triton_kernel_3d.ttadapter,0,0.052185,1,False,False,0,False,0,0,0,0,,,394752,394752,49344,48.1875,True,
attn_cp_triton_kernel_3d.ttadapter,1,0.063998,1,False,True,1,False,0,0,0,0,40fbbb5f98d37d00eb7503779081463032a57a40c8c7aea93d4e3fd7c7b88ae8,40fbbb5f98d37d00eb7503779081463032a57a40c8c7aea93d4e3fd7c7b88ae8,394752,394752,49344,48.1875,True,
attn_cp_triton_kernel_3d.ttadapter,2,0.066078,1,False,True,1,False,0,0,0,0,40fbbb5f98d37d00eb7503779081463032a57a40c8c7aea93d4e3fd7c7b88ae8,40fbbb5f98d37d00eb7503779081463032a57a40c8c7aea93d4e3fd7c7b88ae8,394752,394752,49344,48.1875,True,
attn_cp_triton_kernel_3d_la.ttadapter,0,0.055889,1,False,False,0,False,0,0,0,0,,,208896,208896,26112,25.5,True,
attn_cp_triton_kernel_3d_la.ttadapter,1,0.059245,1,False,True,1,False,0,0,0,0,40fbbb5f98d37d00eb7503779081463032a57a40c8c7aea93d4e3fd7c7b88ae8,40fbbb5f98d37d00eb7503779081463032a57a40c8c7aea93d4e3fd7c7b88ae8,208896,208896,26112,25.5,True,
attn_cp_triton_kernel_3d_la.ttadapter,2,0.066836,1,False,True,1,False,0,0,0,0,40fbbb5f98d37d00eb7503779081463032a57a40c8c7aea93d4e3fd7c7b88ae8,40fbbb5f98d37d00eb7503779081463032a57a40c8c7aea93d4e3fd7c7b88ae8,208896,208896,26112,25.5,True,
attn_fwd.ttadapter,0,0.445727,1,False,False,0,False,0,0,0,0,,,,,,,False,"loc(""/home/CI/20260328160451/triton_ascend/test/flaggems_operator_cases/repo/src/flag_gems/ops/attention.py"":152:0): error: Failed to run BiShengHIR pipeline | loc(""/home/CI/20260328160451/triton_ascend/test/flaggems_operator_cases/repo/src/flag_gems/ops/attention.py"":152:0): error: ub overflow, requires 1716224 bits while 1572864 bits available! (possible reason: tiling basic block is too large or block number is more than what user expect due to multi-buffer feature is enabled and some ops need extra local buffer.)"
attn_fwd.ttadapter,1,0.463598,1,False,True,3,False,0,0,0,0,b13e5d9a414155c595e3990a6d37df90c7f8ab614c1afd86be7b0831d43fd135,b13e5d9a414155c595e3990a6d37df90c7f8ab614c1afd86be7b0831d43fd135,,,,,False,"loc(""/home/CI/20260328160451/triton_ascend/test/flaggems_operator_cases/repo/src/flag_gems/ops/attention.py"":152:0): error: Failed to run BiShengHIR pipeline | loc(""/home/CI/20260328160451/triton_ascend/test/flaggems_operator_cases/repo/src/flag_gems/ops/attention.py"":152:0): error: ub overflow, requires 1716224 bits while 1572864 bits available! (possible reason: tiling basic block is too large or block number is more than what user expect due to multi-buffer feature is enabled and some ops need extra local buffer.)"
attn_fwd.ttadapter,2,0.497635,1,False,True,3,False,0,0,0,0,b13e5d9a414155c595e3990a6d37df90c7f8ab614c1afd86be7b0831d43fd135,b13e5d9a414155c595e3990a6d37df90c7f8ab614c1afd86be7b0831d43fd135,,,,,False,"loc(""/home/CI/20260328160451/triton_ascend/test/flaggems_operator_cases/repo/src/flag_gems/ops/attention.py"":152:0): error: Failed to run BiShengHIR pipeline | loc(""/home/CI/20260328160451/triton_ascend/test/flaggems_operator_cases/repo/src/flag_gems/ops/attention.py"":152:0): error: ub overflow, requires 1716224 bits while 1572864 bits available! (possible reason: tiling basic block is too large or block number is more than what user expect due to multi-buffer feature is enabled and some ops need extra local buffer.)"
chunk_kda_bwd_kernel_wy_dqkg_fused_opt_v2.ttadapter,0,0.50603,1,False,False,0,False,0,0,0,0,,,788480,788480,98560,96.25,True,
chunk_kda_bwd_kernel_wy_dqkg_fused_opt_v2.ttadapter,1,0.548403,1,False,True,1,False,0,0,0,0,b13e5d9a414155c595e3990a6d37df90c7f8ab614c1afd86be7b0831d43fd135,b13e5d9a414155c595e3990a6d37df90c7f8ab614c1afd86be7b0831d43fd135,788480,788480,98560,96.25,True,
chunk_kda_bwd_kernel_wy_dqkg_fused_opt_v2.ttadapter,2,0.557059,1,False,True,1,False,0,0,0,0,b13e5d9a414155c595e3990a6d37df90c7f8ab614c1afd86be7b0831d43fd135,b13e5d9a414155c595e3990a6d37df90c7f8ab614c1afd86be7b0831d43fd135,788480,788480,98560,96.25,True,
kernels_vllm__triton_rope.ttadapter,0,0.049511,1,False,False,0,False,0,0,0,0,,,47104,47104,5888,5.75,True,
kernels_vllm__triton_rope.ttadapter,1,0.059448,1,False,True,1,False,0,0,0,0,40fbbb5f98d37d00eb7503779081463032a57a40c8c7aea93d4e3fd7c7b88ae8,40fbbb5f98d37d00eb7503779081463032a57a40c8c7aea93d4e3fd7c7b88ae8,47104,47104,5888,5.75,True,
kernels_vllm__triton_rope.ttadapter,2,0.054195,1,False,True,1,False,0,0,0,0,40fbbb5f98d37d00eb7503779081463032a57a40c8c7aea93d4e3fd7c7b88ae8,40fbbb5f98d37d00eb7503779081463032a57a40c8c7aea93d4e3fd7c7b88ae8,47104,47104,5888,5.75,True,
kernels_vllm_chunk_gated_delta_rule_fwd_kernel_h_blockdim64.ttadapter,0,0.10586,1,False,False,0,False,0,0,0,0,,,1331200,1331200,166400,162.5,True,
kernels_vllm_chunk_gated_delta_rule_fwd_kernel_h_blockdim64.ttadapter,1,0.129747,1,False,True,1,False,0,0,0,0,b13e5d9a414155c595e3990a6d37df90c7f8ab614c1afd86be7b0831d43fd135,b13e5d9a414155c595e3990a6d37df90c7f8ab614c1afd86be7b0831d43fd135,1331200,1331200,166400,162.5,True,
kernels_vllm_chunk_gated_delta_rule_fwd_kernel_h_blockdim64.ttadapter,2,0.137528,1,False,True,1,False,0,0,0,0,b13e5d9a414155c595e3990a6d37df90c7f8ab614c1afd86be7b0831d43fd135,b13e5d9a414155c595e3990a6d37df90c7f8ab614c1afd86be7b0831d43fd135,1331200,1331200,166400,162.5,True,
kernels_vllm_chunk_local_cumsum_scalar_kernel.ttadapter,0,0.032917,1,False,False,0,False,0,0,0,0,,,65536,65536,8192,8.0,True,
kernels_vllm_chunk_local_cumsum_scalar_kernel.ttadapter,1,0.044301,1,False,True,1,False,0,0,0,0,40fbbb5f98d37d00eb7503779081463032a57a40c8c7aea93d4e3fd7c7b88ae8,40fbbb5f98d37d00eb7503779081463032a57a40c8c7aea93d4e3fd7c7b88ae8,65536,65536,8192,8.0,True,
kernels_vllm_chunk_local_cumsum_scalar_kernel.ttadapter,2,0.042708,1,False,True,1,False,0,0,0,0,40fbbb5f98d37d00eb7503779081463032a57a40c8c7aea93d4e3fd7c7b88ae8,40fbbb5f98d37d00eb7503779081463032a57a40c8c7aea93d4e3fd7c7b88ae8,65536,65536,8192,8.0,True,
kernels_vllm_chunk_scaled_dot_kkt_fwd_kernel.ttadapter,0,0.052222,1,False,False,0,False,0,0,0,0,,,42240,42240,5280,5.15625,True,
kernels_vllm_chunk_scaled_dot_kkt_fwd_kernel.ttadapter,1,0.076478,1,False,True,1,False,0,0,0,0,6d8b0fc47acdd7235a35cd29cf1e745da3edd5efe000ac3855d63ea284b267e0,6d8b0fc47acdd7235a35cd29cf1e745da3edd5efe000ac3855d63ea284b267e0,42240,42240,5280,5.15625,True,
kernels_vllm_chunk_scaled_dot_kkt_fwd_kernel.ttadapter,2,0.063328,1,False,True,1,False,0,0,0,0,6d8b0fc47acdd7235a35cd29cf1e745da3edd5efe000ac3855d63ea284b267e0,6d8b0fc47acdd7235a35cd29cf1e745da3edd5efe000ac3855d63ea284b267e0,42240,42240,5280,5.15625,True,
kernels_vllm_expand_kernel.ttadapter,0,0.044008,1,False,False,0,False,0,0,0,0,,,2048,2048,256,0.25,True,
kernels_vllm_expand_kernel.ttadapter,1,0.050294,1,False,True,1,False,0,0,0,0,40fbbb5f98d37d00eb7503779081463032a57a40c8c7aea93d4e3fd7c7b88ae8,40fbbb5f98d37d00eb7503779081463032a57a40c8c7aea93d4e3fd7c7b88ae8,2048,2048,256,0.25,True,
kernels_vllm_expand_kernel.ttadapter,2,0.046041,1,False,True,1,False,0,0,0,0,40fbbb5f98d37d00eb7503779081463032a57a40c8c7aea93d4e3fd7c7b88ae8,40fbbb5f98d37d00eb7503779081463032a57a40c8c7aea93d4e3fd7c7b88ae8,2048,2048,256,0.25,True,
kernels_vllm_fused_gdn_gating_kernel.ttadapter,0,0.059776,1,False,False,0,False,0,0,0,0,,,14080,14080,1760,1.71875,True,
kernels_vllm_fused_gdn_gating_kernel.ttadapter,1,0.05263,1,False,True,1,False,0,0,0,0,40fbbb5f98d37d00eb7503779081463032a57a40c8c7aea93d4e3fd7c7b88ae8,40fbbb5f98d37d00eb7503779081463032a57a40c8c7aea93d4e3fd7c7b88ae8,14080,14080,1760,1.71875,True,
kernels_vllm_fused_gdn_gating_kernel.ttadapter,2,0.062662,1,False,True,1,False,0,0,0,0,40fbbb5f98d37d00eb7503779081463032a57a40c8c7aea93d4e3fd7c7b88ae8,40fbbb5f98d37d00eb7503779081463032a57a40c8c7aea93d4e3fd7c7b88ae8,14080,14080,1760,1.71875,True,
kernels_vllm_fused_qkvzba_split_reshape_cat_kernel.ttadapter,0,0.037055,1,False,False,0,False,0,0,0,0,,,4352,4352,544,0.53125,True,
kernels_vllm_fused_qkvzba_split_reshape_cat_kernel.ttadapter,1,0.04586,1,False,True,1,False,0,0,0,0,40fbbb5f98d37d00eb7503779081463032a57a40c8c7aea93d4e3fd7c7b88ae8,40fbbb5f98d37d00eb7503779081463032a57a40c8c7aea93d4e3fd7c7b88ae8,4352,4352,544,0.53125,True,
kernels_vllm_fused_qkvzba_split_reshape_cat_kernel.ttadapter,2,0.038073,1,False,True,1,False,0,0,0,0,40fbbb5f98d37d00eb7503779081463032a57a40c8c7aea93d4e3fd7c7b88ae8,40fbbb5f98d37d00eb7503779081463032a57a40c8c7aea93d4e3fd7c7b88ae8,4352,4352,544,0.53125,True,
kernels_vllm_l2norm_fwd_kernel2_loop.ttadapter,0,0.039012,1,False,False,0,False,0,0,0,0,,,82944,82944,10368,10.125,True,
kernels_vllm_l2norm_fwd_kernel2_loop.ttadapter,1,0.048521,1,False,True,1,False,0,0,0,0,40fbbb5f98d37d00eb7503779081463032a57a40c8c7aea93d4e3fd7c7b88ae8,40fbbb5f98d37d00eb7503779081463032a57a40c8c7aea93d4e3fd7c7b88ae8,82944,82944,10368,10.125,True,
kernels_vllm_l2norm_fwd_kernel2_loop.ttadapter,2,0.042765,1,False,True,1,False,0,0,0,0,40fbbb5f98d37d00eb7503779081463032a57a40c8c7aea93d4e3fd7c7b88ae8,40fbbb5f98d37d00eb7503779081463032a57a40c8c7aea93d4e3fd7c7b88ae8,82944,82944,10368,10.125,True,
kernels_vllm_layer_norm_fwd_kernel.ttadapter,0,0.054633,1,False,False,0,False,0,0,0,0,,,38144,38144,4768,4.65625,True,
kernels_vllm_layer_norm_fwd_kernel.ttadapter,1,0.068678,1,False,True,1,False,0,0,0,0,40fbbb5f98d37d00eb7503779081463032a57a40c8c7aea93d4e3fd7c7b88ae8,40fbbb5f98d37d00eb7503779081463032a57a40c8c7aea93d4e3fd7c7b88ae8,38144,38144,4768,4.65625,True,
kernels_vllm_layer_norm_fwd_kernel.ttadapter,2,0.068262,1,False,True,1,False,0,0,0,0,40fbbb5f98d37d00eb7503779081463032a57a40c8c7aea93d4e3fd7c7b88ae8,40fbbb5f98d37d00eb7503779081463032a57a40c8c7aea93d4e3fd7c7b88ae8,38144,38144,4768,4.65625,True,
kernels_vllm_merge_16x16_to_32x32_inverse_kernel.ttadapter,0,0.073056,1,False,False,0,False,0,0,0,0,,,18432,18432,2304,2.25,True,
kernels_vllm_merge_16x16_to_32x32_inverse_kernel.ttadapter,1,0.085787,1,False,True,1,False,0,0,0,0,b13e5d9a414155c595e3990a6d37df90c7f8ab614c1afd86be7b0831d43fd135,b13e5d9a414155c595e3990a6d37df90c7f8ab614c1afd86be7b0831d43fd135,18432,18432,2304,2.25,True,
kernels_vllm_merge_16x16_to_32x32_inverse_kernel.ttadapter,2,0.080468,1,False,True,1,False,0,0,0,0,b13e5d9a414155c595e3990a6d37df90c7f8ab614c1afd86be7b0831d43fd135,b13e5d9a414155c595e3990a6d37df90c7f8ab614c1afd86be7b0831d43fd135,18432,18432,2304,2.25,True,
kernels_vllm_merge_16x16_to_64x64_inverse_kernel.ttadapter,0,0.102388,1,False,False,0,False,0,0,0,0,,,221184,221184,27648,27.0,True,
kernels_vllm_merge_16x16_to_64x64_inverse_kernel.ttadapter,1,0.127644,1,False,True,1,False,0,0,0,0,6d8b0fc47acdd7235a35cd29cf1e745da3edd5efe000ac3855d63ea284b267e0,6d8b0fc47acdd7235a35cd29cf1e745da3edd5efe000ac3855d63ea284b267e0,221184,221184,27648,27.0,True,
kernels_vllm_merge_16x16_to_64x64_inverse_kernel.ttadapter,2,0.124391,1,False,True,1,False,0,0,0,0,6d8b0fc47acdd7235a35cd29cf1e745da3edd5efe000ac3855d63ea284b267e0,6d8b0fc47acdd7235a35cd29cf1e745da3edd5efe000ac3855d63ea284b267e0,221184,221184,27648,27.0,True,
kernels_vllm_recompute_w_u_fwd_kernel.ttadapter,0,0.068433,1,False,False,0,False,0,0,0,0,,,60160,60160,7520,7.34375,True,
kernels_vllm_recompute_w_u_fwd_kernel.ttadapter,1,0.099329,1,False,True,1,False,0,0,0,0,b13e5d9a414155c595e3990a6d37df90c7f8ab614c1afd86be7b0831d43fd135,b13e5d9a414155c595e3990a6d37df90c7f8ab614c1afd86be7b0831d43fd135,60160,60160,7520,7.34375,True,
kernels_vllm_recompute_w_u_fwd_kernel.ttadapter,2,0.096067,1,False,True,1,False,0,0,0,0,b13e5d9a414155c595e3990a6d37df90c7f8ab614c1afd86be7b0831d43fd135,b13e5d9a414155c595e3990a6d37df90c7f8ab614c1afd86be7b0831d43fd135,60160,60160,7520,7.34375,True,
kernels_vllm_rejection_greedy_sample_spec_len_1_triton.ttadapter,0,0.036312,1,False,False,0,False,0,0,0,0,,,13312,13312,1664,1.625,True,
kernels_vllm_rejection_greedy_sample_spec_len_1_triton.ttadapter,1,0.038581,1,False,True,1,False,0,0,0,0,40fbbb5f98d37d00eb7503779081463032a57a40c8c7aea93d4e3fd7c7b88ae8,40fbbb5f98d37d00eb7503779081463032a57a40c8c7aea93d4e3fd7c7b88ae8,13312,13312,1664,1.625,True,
kernels_vllm_rejection_greedy_sample_spec_len_1_triton.ttadapter,2,0.043923,1,False,True,1,False,0,0,0,0,40fbbb5f98d37d00eb7503779081463032a57a40c8c7aea93d4e3fd7c7b88ae8,40fbbb5f98d37d00eb7503779081463032a57a40c8c7aea93d4e3fd7c7b88ae8,13312,13312,1664,1.625,True,
kernels_vllm_rejection_random_sample_kernel.ttadapter,0,0.036088,1,False,False,0,False,0,0,0,0,,,256,256,32,0.03125,True,
kernels_vllm_rejection_random_sample_kernel.ttadapter,1,0.050443,1,False,True,1,False,0,0,0,0,40fbbb5f98d37d00eb7503779081463032a57a40c8c7aea93d4e3fd7c7b88ae8,40fbbb5f98d37d00eb7503779081463032a57a40c8c7aea93d4e3fd7c7b88ae8,256,256,32,0.03125,True,
kernels_vllm_rejection_random_sample_kernel.ttadapter,2,0.045779,1,False,True,1,False,0,0,0,0,40fbbb5f98d37d00eb7503779081463032a57a40c8c7aea93d4e3fd7c7b88ae8,40fbbb5f98d37d00eb7503779081463032a57a40c8c7aea93d4e3fd7c7b88ae8,256,256,32,0.03125,True,
kernels_vllm_sample_recovered_tokens_kernel.ttadapter,0,0.054831,1,False,False,0,False,0,0,0,0,,,5888,5888,736,0.71875,True,
kernels_vllm_sample_recovered_tokens_kernel.ttadapter,1,0.063024,1,False,True,1,False,0,0,0,0,40fbbb5f98d37d00eb7503779081463032a57a40c8c7aea93d4e3fd7c7b88ae8,40fbbb5f98d37d00eb7503779081463032a57a40c8c7aea93d4e3fd7c7b88ae8,5888,5888,736,0.71875,True,
kernels_vllm_sample_recovered_tokens_kernel.ttadapter,2,0.070885,1,False,True,1,False,0,0,0,0,40fbbb5f98d37d00eb7503779081463032a57a40c8c7aea93d4e3fd7c7b88ae8,40fbbb5f98d37d00eb7503779081463032a57a40c8c7aea93d4e3fd7c7b88ae8,5888,5888,736,0.71875,True,
kernels_vllm_solve_tril_16x16_kernel.ttadapter,0,0.057201,1,False,False,0,False,0,0,0,0,,,96768,96768,12096,11.8125,True,
kernels_vllm_solve_tril_16x16_kernel.ttadapter,1,0.061628,1,False,True,1,False,0,0,0,0,40fbbb5f98d37d00eb7503779081463032a57a40c8c7aea93d4e3fd7c7b88ae8,40fbbb5f98d37d00eb7503779081463032a57a40c8c7aea93d4e3fd7c7b88ae8,96768,96768,12096,11.8125,True,
kernels_vllm_solve_tril_16x16_kernel.ttadapter,2,0.061314,1,False,True,1,False,0,0,0,0,40fbbb5f98d37d00eb7503779081463032a57a40c8c7aea93d4e3fd7c7b88ae8,40fbbb5f98d37d00eb7503779081463032a57a40c8c7aea93d4e3fd7c7b88ae8,96768,96768,12096,11.8125,True,
layernorm_bench.ttadapter,0,0.04049,1,False,False,0,False,0,0,0,0,,,328192,328192,41024,40.0625,True,
layernorm_bench.ttadapter,1,0.060385,1,False,True,1,False,0,0,0,0,40fbbb5f98d37d00eb7503779081463032a57a40c8c7aea93d4e3fd7c7b88ae8,40fbbb5f98d37d00eb7503779081463032a57a40c8c7aea93d4e3fd7c7b88ae8,328192,328192,41024,40.0625,True,
layernorm_bench.ttadapter,2,0.053601,1,False,True,1,False,0,0,0,0,40fbbb5f98d37d00eb7503779081463032a57a40c8c7aea93d4e3fd7c7b88ae8,40fbbb5f98d37d00eb7503779081463032a57a40c8c7aea93d4e3fd7c7b88ae8,328192,328192,41024,40.0625,True,
python_tutorial_02-fused-softmax.ttadapter,0,0.058258,1,False,False,0,False,0,0,0,0,,,51712,51712,6464,6.3125,True,
python_tutorial_02-fused-softmax.ttadapter,1,0.042146,1,False,True,1,False,0,0,0,0,40fbbb5f98d37d00eb7503779081463032a57a40c8c7aea93d4e3fd7c7b88ae8,40fbbb5f98d37d00eb7503779081463032a57a40c8c7aea93d4e3fd7c7b88ae8,51712,51712,6464,6.3125,True,
python_tutorial_02-fused-softmax.ttadapter,2,0.049454,1,False,True,1,False,0,0,0,0,40fbbb5f98d37d00eb7503779081463032a57a40c8c7aea93d4e3fd7c7b88ae8,40fbbb5f98d37d00eb7503779081463032a57a40c8c7aea93d4e3fd7c7b88ae8,51712,51712,6464,6.3125,True,
python_tutorial_03-matrix-multiplication.ttadapter,0,0.089186,1,False,False,0,False,0,0,0,0,,,560128,560128,70016,68.375,True,
python_tutorial_03-matrix-multiplication.ttadapter,1,0.112683,1,False,True,1,False,0,0,0,0,b13e5d9a414155c595e3990a6d37df90c7f8ab614c1afd86be7b0831d43fd135,b13e5d9a414155c595e3990a6d37df90c7f8ab614c1afd86be7b0831d43fd135,560128,560128,70016,68.375,True,
python_tutorial_03-matrix-multiplication.ttadapter,2,0.109729,1,False,True,1,False,0,0,0,0,b13e5d9a414155c595e3990a6d37df90c7f8ab614c1afd86be7b0831d43fd135,b13e5d9a414155c595e3990a6d37df90c7f8ab614c1afd86be7b0831d43fd135,560128,560128,70016,68.375,True,
python_tutorial_04-low-memory-dropout.ttadapter,0,0.034196,1,False,False,0,False,0,0,0,0,,,98560,98560,12320,12.03125,True,
python_tutorial_04-low-memory-dropout.ttadapter,1,0.047356,1,False,True,1,False,0,0,0,0,40fbbb5f98d37d00eb7503779081463032a57a40c8c7aea93d4e3fd7c7b88ae8,40fbbb5f98d37d00eb7503779081463032a57a40c8c7aea93d4e3fd7c7b88ae8,98560,98560,12320,12.03125,True,
python_tutorial_04-low-memory-dropout.ttadapter,2,0.042523,1,False,True,1,False,0,0,0,0,40fbbb5f98d37d00eb7503779081463032a57a40c8c7aea93d4e3fd7c7b88ae8,40fbbb5f98d37d00eb7503779081463032a57a40c8c7aea93d4e3fd7c7b88ae8,98560,98560,12320,12.03125,True,
python_tutorial_05-layer-norm.ttadapter,0,0.051413,1,False,False,0,False,0,0,0,0,,,1442304,1442304,180288,176.0625,True,
python_tutorial_05-layer-norm.ttadapter,1,0.071462,1,False,True,1,False,0,0,0,0,40fbbb5f98d37d00eb7503779081463032a57a40c8c7aea93d4e3fd7c7b88ae8,40fbbb5f98d37d00eb7503779081463032a57a40c8c7aea93d4e3fd7c7b88ae8,1442304,1442304,180288,176.0625,True,
python_tutorial_05-layer-norm.ttadapter,2,0.071041,1,False,True,1,False,0,0,0,0,40fbbb5f98d37d00eb7503779081463032a57a40c8c7aea93d4e3fd7c7b88ae8,40fbbb5f98d37d00eb7503779081463032a57a40c8c7aea93d4e3fd7c7b88ae8,1442304,1442304,180288,176.0625,True,
python_tutorial_06-fused-attention.ttadapter,0,0.294154,1,False,False,0,False,0,0,0,0,,,661760,661760,82720,80.78125,True,
python_tutorial_06-fused-attention.ttadapter,1,0.340687,1,False,True,1,False,0,0,0,0,b13e5d9a414155c595e3990a6d37df90c7f8ab614c1afd86be7b0831d43fd135,b13e5d9a414155c595e3990a6d37df90c7f8ab614c1afd86be7b0831d43fd135,661760,661760,82720,80.78125,True,
python_tutorial_06-fused-attention.ttadapter,2,0.336696,1,False,True,1,False,0,0,0,0,b13e5d9a414155c595e3990a6d37df90c7f8ab614c1afd86be7b0831d43fd135,b13e5d9a414155c595e3990a6d37df90c7f8ab614c1afd86be7b0831d43fd135,661760,661760,82720,80.78125,True,
python_tutorial_08-grouped-gemm.ttadapter,0,0.078405,1,False,False,0,False,0,0,0,0,,,262144,262144,32768,32.0,True,
python_tutorial_08-grouped-gemm.ttadapter,1,0.084464,1,False,True,1,False,0,0,0,0,b13e5d9a414155c595e3990a6d37df90c7f8ab614c1afd86be7b0831d43fd135,b13e5d9a414155c595e3990a6d37df90c7f8ab614c1afd86be7b0831d43fd135,262144,262144,32768,32.0,True,
python_tutorial_08-grouped-gemm.ttadapter,2,0.066973,1,False,True,1,False,0,0,0,0,b13e5d9a414155c595e3990a6d37df90c7f8ab614c1afd86be7b0831d43fd135,b13e5d9a414155c595e3990a6d37df90c7f8ab614c1afd86be7b0831d43fd135,262144,262144,32768,32.0,True,
python_tutorial_09-persistent-matmul.ttadapter,0,0.094132,1,False,False,0,False,0,0,0,0,,,1572864,1572864,196608,192.0,True,
python_tutorial_09-persistent-matmul.ttadapter,1,0.112023,1,False,True,1,False,0,0,0,0,b13e5d9a414155c595e3990a6d37df90c7f8ab614c1afd86be7b0831d43fd135,b13e5d9a414155c595e3990a6d37df90c7f8ab614c1afd86be7b0831d43fd135,1572864,1572864,196608,192.0,True,
python_tutorial_09-persistent-matmul.ttadapter,2,0.123387,1,False,True,1,False,0,0,0,0,b13e5d9a414155c595e3990a6d37df90c7f8ab614c1afd86be7b0831d43fd135,b13e5d9a414155c595e3990a6d37df90c7f8ab614c1afd86be7b0831d43fd135,1572864,1572864,196608,192.0,True,
python_tutorial_10-block-scaled-matmul.ttadapter,0,0.059762,1,False,False,0,False,0,0,0,0,,,60160,60160,7520,7.34375,True,
python_tutorial_10-block-scaled-matmul.ttadapter,1,0.067501,1,False,True,1,False,0,0,0,0,b13e5d9a414155c595e3990a6d37df90c7f8ab614c1afd86be7b0831d43fd135,b13e5d9a414155c595e3990a6d37df90c7f8ab614c1afd86be7b0831d43fd135,60160,60160,7520,7.34375,True,
python_tutorial_10-block-scaled-matmul.ttadapter,2,0.060059,1,False,True,1,False,0,0,0,0,b13e5d9a414155c595e3990a6d37df90c7f8ab614c1afd86be7b0831d43fd135,b13e5d9a414155c595e3990a6d37df90c7f8ab614c1afd86be7b0831d43fd135,60160,60160,7520,7.34375,True,
rmsnorm_bench.ttadapter,0,0.040135,1,False,False,0,False,0,0,0,0,,,164096,164096,20512,20.03125,True,
rmsnorm_bench.ttadapter,1,0.041358,1,False,True,1,False,0,0,0,0,40fbbb5f98d37d00eb7503779081463032a57a40c8c7aea93d4e3fd7c7b88ae8,40fbbb5f98d37d00eb7503779081463032a57a40c8c7aea93d4e3fd7c7b88ae8,164096,164096,20512,20.03125,True,
rmsnorm_bench.ttadapter,2,0.05815,1,False,True,1,False,0,0,0,0,40fbbb5f98d37d00eb7503779081463032a57a40c8c7aea93d4e3fd7c7b88ae8,40fbbb5f98d37d00eb7503779081463032a57a40c8c7aea93d4e3fd7c7b88ae8,164096,164096,20512,20.03125,True,
s0_original_baseline_5800us.ttadapter,0,0.09714,1,False,False,0,False,0,0,0,0,,,546048,546048,68256,66.65625,True,
s0_original_baseline_5800us.ttadapter,1,0.116487,1,False,True,1,False,0,0,0,0,b13e5d9a414155c595e3990a6d37df90c7f8ab614c1afd86be7b0831d43fd135,b13e5d9a414155c595e3990a6d37df90c7f8ab614c1afd86be7b0831d43fd135,546048,546048,68256,66.65625,True,
s0_original_baseline_5800us.ttadapter,2,0.112738,1,False,True,1,False,0,0,0,0,b13e5d9a414155c595e3990a6d37df90c7f8ab614c1afd86be7b0831d43fd135,b13e5d9a414155c595e3990a6d37df90c7f8ab614c1afd86be7b0831d43fd135,546048,546048,68256,66.65625,True,
s1_exp3_BLOCK_V_512_5392us.ttadapter,0,0.100681,1,False,False,0,False,0,0,0,0,,,808192,808192,101024,98.65625,True,
s1_exp3_BLOCK_V_512_5392us.ttadapter,1,0.101859,1,False,True,1,False,0,0,0,0,b13e5d9a414155c595e3990a6d37df90c7f8ab614c1afd86be7b0831d43fd135,b13e5d9a414155c595e3990a6d37df90c7f8ab614c1afd86be7b0831d43fd135,808192,808192,101024,98.65625,True,
s1_exp3_BLOCK_V_512_5392us.ttadapter,2,0.101506,1,False,True,1,False,0,0,0,0,b13e5d9a414155c595e3990a6d37df90c7f8ab614c1afd86be7b0831d43fd135,b13e5d9a414155c595e3990a6d37df90c7f8ab614c1afd86be7b0831d43fd135,808192,808192,101024,98.65625,True,
s2_exp4b_BLOCK_SBS_256_multibuffer_False_4356us.ttadapter,0,0.086272,1,False,False,0,False,0,0,0,0,,,1070336,1070336,133792,130.65625,True,
s2_exp4b_BLOCK_SBS_256_multibuffer_False_4356us.ttadapter,1,0.094204,1,False,True,1,False,0,0,0,0,b13e5d9a414155c595e3990a6d37df90c7f8ab614c1afd86be7b0831d43fd135,b13e5d9a414155c595e3990a6d37df90c7f8ab614c1afd86be7b0831d43fd135,1070336,1070336,133792,130.65625,True,
s2_exp4b_BLOCK_SBS_256_multibuffer_False_4356us.ttadapter,2,0.116132,1,False,True,1,False,0,0,0,0,b13e5d9a414155c595e3990a6d37df90c7f8ab614c1afd86be7b0831d43fd135,b13e5d9a414155c595e3990a6d37df90c7f8ab614c1afd86be7b0831d43fd135,1070336,1070336,133792,130.65625,True,
s4_exp10_workspace_sv_bf16_4294us.ttadapter,0,0.093427,1,False,False,0,False,0,0,0,0,,,1202176,1202176,150272,146.75,True,
s4_exp10_workspace_sv_bf16_4294us.ttadapter,1,0.121952,1,False,True,1,False,0,0,0,0,b13e5d9a414155c595e3990a6d37df90c7f8ab614c1afd86be7b0831d43fd135,b13e5d9a414155c595e3990a6d37df90c7f8ab614c1afd86be7b0831d43fd135,1202176,1202176,150272,146.75,True,
s4_exp10_workspace_sv_bf16_4294us.ttadapter,2,0.117083,1,False,True,1,False,0,0,0,0,b13e5d9a414155c595e3990a6d37df90c7f8ab614c1afd86be7b0831d43fd135,b13e5d9a414155c595e3990a6d37df90c7f8ab614c1afd86be7b0831d43fd135,1202176,1202176,150272,146.75,True,
s5_exp15_hivm_auto_cv_balance_4235us.ttadapter,0,0.109716,1,False,False,0,False,0,0,0,0,,,863744,863744,107968,105.4375,True,
s5_exp15_hivm_auto_cv_balance_4235us.ttadapter,1,0.112363,1,False,True,1,False,0,0,0,0,b13e5d9a414155c595e3990a6d37df90c7f8ab614c1afd86be7b0831d43fd135,b13e5d9a414155c595e3990a6d37df90c7f8ab614c1afd86be7b0831d43fd135,863744,863744,107968,105.4375,True,
s5_exp15_hivm_auto_cv_balance_4235us.ttadapter,2,0.122014,1,False,True,1,False,0,0,0,0,b13e5d9a414155c595e3990a6d37df90c7f8ab614c1afd86be7b0831d43fd135,b13e5d9a414155c595e3990a6d37df90c7f8ab614c1afd86be7b0831d43fd135,863744,863744,107968,105.4375,True,
s7_exp27_shared_kv_nope_SSA_3580us.ttadapter,0,0.089824,1,False,False,0,False,0,0,0,0,,,862464,862464,107808,105.28125,True,
s7_exp27_shared_kv_nope_SSA_3580us.ttadapter,1,0.098726,1,False,True,1,False,0,0,0,0,b13e5d9a414155c595e3990a6d37df90c7f8ab614c1afd86be7b0831d43fd135,b13e5d9a414155c595e3990a6d37df90c7f8ab614c1afd86be7b0831d43fd135,862464,862464,107808,105.28125,True,
s7_exp27_shared_kv_nope_SSA_3580us.ttadapter,2,0.1034,1,False,True,1,False,0,0,0,0,b13e5d9a414155c595e3990a6d37df90c7f8ab614c1afd86be7b0831d43fd135,b13e5d9a414155c595e3990a6d37df90c7f8ab614c1afd86be7b0831d43fd135,862464,862464,107808,105.28125,True,
s8_exp28_hoist_Q_loads_3589us.ttadapter,0,0.092702,1,False,False,0,False,0,0,0,0,,,862464,862464,107808,105.28125,True,
s8_exp28_hoist_Q_loads_3589us.ttadapter,1,0.101295,1,False,True,1,False,0,0,0,0,b13e5d9a414155c595e3990a6d37df90c7f8ab614c1afd86be7b0831d43fd135,b13e5d9a414155c595e3990a6d37df90c7f8ab614c1afd86be7b0831d43fd135,862464,862464,107808,105.28125,True,
s8_exp28_hoist_Q_loads_3589us.ttadapter,2,0.105251,1,False,True,1,False,0,0,0,0,b13e5d9a414155c595e3990a6d37df90c7f8ab614c1afd86be7b0831d43fd135,b13e5d9a414155c595e3990a6d37df90c7f8ab614c1afd86be7b0831d43fd135,862464,862464,107808,105.28125,True,
softmax_bench.ttadapter,0,0.032151,1,False,False,0,False,0,0,0,0,,,100864,100864,12608,12.3125,True,
softmax_bench.ttadapter,1,0.040125,1,False,True,1,False,0,0,0,0,40fbbb5f98d37d00eb7503779081463032a57a40c8c7aea93d4e3fd7c7b88ae8,40fbbb5f98d37d00eb7503779081463032a57a40c8c7aea93d4e3fd7c7b88ae8,100864,100864,12608,12.3125,True,
softmax_bench.ttadapter,2,0.03557,1,False,True,1,False,0,0,0,0,40fbbb5f98d37d00eb7503779081463032a57a40c8c7aea93d4e3fd7c7b88ae8,40fbbb5f98d37d00eb7503779081463032a57a40c8c7aea93d4e3fd7c7b88ae8,100864,100864,12608,12.3125,True,
triton.language.abs.ttadapter,0,0.027242,1,False,False,0,False,0,0,0,0,,,0,,,,True,
triton.language.abs.ttadapter,1,0.037537,1,False,True,1,False,0,0,0,0,40fbbb5f98d37d00eb7503779081463032a57a40c8c7aea93d4e3fd7c7b88ae8,40fbbb5f98d37d00eb7503779081463032a57a40c8c7aea93d4e3fd7c7b88ae8,0,,,,True,
triton.language.abs.ttadapter,2,0.035264,1,False,True,1,False,0,0,0,0,40fbbb5f98d37d00eb7503779081463032a57a40c8c7aea93d4e3fd7c7b88ae8,40fbbb5f98d37d00eb7503779081463032a57a40c8c7aea93d4e3fd7c7b88ae8,0,,,,True,
triton.language.advance.ttadapter,0,0.023145,1,False,False,0,False,0,0,0,0,,,0,,,,True,
triton.language.advance.ttadapter,1,0.02605,1,False,True,1,False,0,0,0,0,40fbbb5f98d37d00eb7503779081463032a57a40c8c7aea93d4e3fd7c7b88ae8,40fbbb5f98d37d00eb7503779081463032a57a40c8c7aea93d4e3fd7c7b88ae8,0,,,,True,
triton.language.advance.ttadapter,2,0.035968,1,False,True,1,False,0,0,0,0,40fbbb5f98d37d00eb7503779081463032a57a40c8c7aea93d4e3fd7c7b88ae8,40fbbb5f98d37d00eb7503779081463032a57a40c8c7aea93d4e3fd7c7b88ae8,0,,,,True,
triton.language.and.ttadapter,0,0.028202,1,False,False,0,False,0,0,0,0,,,2048,2048,256,0.25,True,
triton.language.and.ttadapter,1,0.04298,1,False,True,1,False,0,0,0,0,40fbbb5f98d37d00eb7503779081463032a57a40c8c7aea93d4e3fd7c7b88ae8,40fbbb5f98d37d00eb7503779081463032a57a40c8c7aea93d4e3fd7c7b88ae8,2048,2048,256,0.25,True,
triton.language.and.ttadapter,2,0.036499,1,False,True,1,False,0,0,0,0,40fbbb5f98d37d00eb7503779081463032a57a40c8c7aea93d4e3fd7c7b88ae8,40fbbb5f98d37d00eb7503779081463032a57a40c8c7aea93d4e3fd7c7b88ae8,2048,2048,256,0.25,True,
triton.language.arange.ttadapter,0,0.026574,1,False,False,0,False,0,0,0,0,,,0,,,,True,
triton.language.arange.ttadapter,1,0.034469,1,False,True,1,False,0,0,0,0,40fbbb5f98d37d00eb7503779081463032a57a40c8c7aea93d4e3fd7c7b88ae8,40fbbb5f98d37d00eb7503779081463032a57a40c8c7aea93d4e3fd7c7b88ae8,0,,,,True,
triton.language.arange.ttadapter,2,0.029827,1,False,True,1,False,0,0,0,0,40fbbb5f98d37d00eb7503779081463032a57a40c8c7aea93d4e3fd7c7b88ae8,40fbbb5f98d37d00eb7503779081463032a57a40c8c7aea93d4e3fd7c7b88ae8,0,,,,True,
triton.language.argmax.ttadapter,0,0.040482,1,False,False,0,False,0,0,0,0,,,4864,4864,608,0.59375,True,
triton.language.argmax.ttadapter,1,0.036293,1,False,True,1,False,0,0,0,0,40fbbb5f98d37d00eb7503779081463032a57a40c8c7aea93d4e3fd7c7b88ae8,40fbbb5f98d37d00eb7503779081463032a57a40c8c7aea93d4e3fd7c7b88ae8,4864,4864,608,0.59375,True,
triton.language.argmax.ttadapter,2,0.051226,1,False,True,1,False,0,0,0,0,40fbbb5f98d37d00eb7503779081463032a57a40c8c7aea93d4e3fd7c7b88ae8,40fbbb5f98d37d00eb7503779081463032a57a40c8c7aea93d4e3fd7c7b88ae8,4864,4864,608,0.59375,True,
triton.language.argmin.ttadapter,0,0.044453,1,False,False,0,False,0,0,0,0,,,4864,4864,608,0.59375,True,
triton.language.argmin.ttadapter,1,0.042529,1,False,True,1,False,0,0,0,0,40fbbb5f98d37d00eb7503779081463032a57a40c8c7aea93d4e3fd7c7b88ae8,40fbbb5f98d37d00eb7503779081463032a57a40c8c7aea93d4e3fd7c7b88ae8,4864,4864,608,0.59375,True,
triton.language.argmin.ttadapter,2,0.045871,1,False,True,1,False,0,0,0,0,40fbbb5f98d37d00eb7503779081463032a57a40c8c7aea93d4e3fd7c7b88ae8,40fbbb5f98d37d00eb7503779081463032a57a40c8c7aea93d4e3fd7c7b88ae8,4864,4864,608,0.59375,True,
triton.language.associative_scan.ttadapter,0,0.0325,1,False,False,0,False,0,0,0,0,,,1024,1024,128,0.125,True,
triton.language.associative_scan.ttadapter,1,0.03108,1,False,True,1,False,0,0,0,0,40fbbb5f98d37d00eb7503779081463032a57a40c8c7aea93d4e3fd7c7b88ae8,40fbbb5f98d37d00eb7503779081463032a57a40c8c7aea93d4e3fd7c7b88ae8,1024,1024,128,0.125,True,
triton.language.associative_scan.ttadapter,2,0.036236,1,False,True,1,False,0,0,0,0,40fbbb5f98d37d00eb7503779081463032a57a40c8c7aea93d4e3fd7c7b88ae8,40fbbb5f98d37d00eb7503779081463032a57a40c8c7aea93d4e3fd7c7b88ae8,1024,1024,128,0.125,True,
triton.language.assume.ttadapter,0,0.038838,1,False,False,0,False,0,0,0,0,,,16640,16640,2080,2.03125,True,
triton.language.assume.ttadapter,1,0.034331,1,False,True,1,False,0,0,0,0,40fbbb5f98d37d00eb7503779081463032a57a40c8c7aea93d4e3fd7c7b88ae8,40fbbb5f98d37d00eb7503779081463032a57a40c8c7aea93d4e3fd7c7b88ae8,16640,16640,2080,2.03125,True,
triton.language.assume.ttadapter,2,0.044216,1,False,True,1,False,0,0,0,0,40fbbb5f98d37d00eb7503779081463032a57a40c8c7aea93d4e3fd7c7b88ae8,40fbbb5f98d37d00eb7503779081463032a57a40c8c7aea93d4e3fd7c7b88ae8,16640,16640,2080,2.03125,True,
triton.language.atomic_add.ttadapter,0,0.036967,1,False,False,0,False,0,0,0,0,,,16384,16384,2048,2.0,True,
triton.language.atomic_add.ttadapter,1,0.037372,1,False,True,1,False,0,0,0,0,40fbbb5f98d37d00eb7503779081463032a57a40c8c7aea93d4e3fd7c7b88ae8,40fbbb5f98d37d00eb7503779081463032a57a40c8c7aea93d4e3fd7c7b88ae8,16384,16384,2048,2.0,True,
triton.language.atomic_add.ttadapter,2,0.039267,1,False,True,1,False,0,0,0,0,40fbbb5f98d37d00eb7503779081463032a57a40c8c7aea93d4e3fd7c7b88ae8,40fbbb5f98d37d00eb7503779081463032a57a40c8c7aea93d4e3fd7c7b88ae8,16384,16384,2048,2.0,True,
triton.language.atomic_and.ttadapter,0,0.035021,1,False,False,0,False,0,0,0,0,,,32768,32768,4096,4.0,True,
triton.language.atomic_and.ttadapter,1,0.035802,1,False,True,1,False,0,0,0,0,40fbbb5f98d37d00eb7503779081463032a57a40c8c7aea93d4e3fd7c7b88ae8,40fbbb5f98d37d00eb7503779081463032a57a40c8c7aea93d4e3fd7c7b88ae8,32768,32768,4096,4.0,True,
triton.language.atomic_and.ttadapter,2,0.044801,1,False,True,1,False,0,0,0,0,40fbbb5f98d37d00eb7503779081463032a57a40c8c7aea93d4e3fd7c7b88ae8,40fbbb5f98d37d00eb7503779081463032a57a40c8c7aea93d4e3fd7c7b88ae8,32768,32768,4096,4.0,True,
triton.language.atomic_cas.ttadapter,0,0.042334,1,False,False,0,False,0,0,0,0,,,81920,81920,10240,10.0,True,
triton.language.atomic_cas.ttadapter,1,0.04993,1,False,True,1,False,0,0,0,0,40fbbb5f98d37d00eb7503779081463032a57a40c8c7aea93d4e3fd7c7b88ae8,40fbbb5f98d37d00eb7503779081463032a57a40c8c7aea93d4e3fd7c7b88ae8,81920,81920,10240,10.0,True,
triton.language.atomic_cas.ttadapter,2,0.034853,1,False,True,1,False,0,0,0,0,40fbbb5f98d37d00eb7503779081463032a57a40c8c7aea93d4e3fd7c7b88ae8,40fbbb5f98d37d00eb7503779081463032a57a40c8c7aea93d4e3fd7c7b88ae8,81920,81920,10240,10.0,True,
triton.language.atomic_max.ttadapter,0,0.028631,1,False,False,0,False,0,0,0,0,,,0,,,,True,
triton.language.atomic_max.ttadapter,1,0.037416,1,False,True,1,False,0,0,0,0,40fbbb5f98d37d00eb7503779081463032a57a40c8c7aea93d4e3fd7c7b88ae8,40fbbb5f98d37d00eb7503779081463032a57a40c8c7aea93d4e3fd7c7b88ae8,0,,,,True,
triton.language.atomic_max.ttadapter,2,0.030816,1,False,True,1,False,0,0,0,0,40fbbb5f98d37d00eb7503779081463032a57a40c8c7aea93d4e3fd7c7b88ae8,40fbbb5f98d37d00eb7503779081463032a57a40c8c7aea93d4e3fd7c7b88ae8,0,,,,True,
triton.language.atomic_min.ttadapter,0,0.032108,1,False,False,0,False,0,0,0,0,,,0,,,,True,
triton.language.atomic_min.ttadapter,1,0.033295,1,False,True,1,False,0,0,0,0,40fbbb5f98d37d00eb7503779081463032a57a40c8c7aea93d4e3fd7c7b88ae8,40fbbb5f98d37d00eb7503779081463032a57a40c8c7aea93d4e3fd7c7b88ae8,0,,,,True,
triton.language.atomic_min.ttadapter,2,0.037191,1,False,True,1,False,0,0,0,0,40fbbb5f98d37d00eb7503779081463032a57a40c8c7aea93d4e3fd7c7b88ae8,40fbbb5f98d37d00eb7503779081463032a57a40c8c7aea93d4e3fd7c7b88ae8,0,,,,True,
triton.language.atomic_or.ttadapter,0,0.03034,1,False,False,0,False,0,0,0,0,,,32768,32768,4096,4.0,True,
triton.language.atomic_or.ttadapter,1,0.03355,1,False,True,1,False,0,0,0,0,40fbbb5f98d37d00eb7503779081463032a57a40c8c7aea93d4e3fd7c7b88ae8,40fbbb5f98d37d00eb7503779081463032a57a40c8c7aea93d4e3fd7c7b88ae8,32768,32768,4096,4.0,True,
triton.language.atomic_or.ttadapter,2,0.042589,1,False,True,1,False,0,0,0,0,40fbbb5f98d37d00eb7503779081463032a57a40c8c7aea93d4e3fd7c7b88ae8,40fbbb5f98d37d00eb7503779081463032a57a40c8c7aea93d4e3fd7c7b88ae8,32768,32768,4096,4.0,True,
triton.language.atomic_xchg.ttadapter,0,0.036271,1,False,False,0,False,0,0,0,0,,,32768,32768,4096,4.0,True,
triton.language.atomic_xchg.ttadapter,1,0.030157,1,False,True,1,False,0,0,0,0,40fbbb5f98d37d00eb7503779081463032a57a40c8c7aea93d4e3fd7c7b88ae8,40fbbb5f98d37d00eb7503779081463032a57a40c8c7aea93d4e3fd7c7b88ae8,32768,32768,4096,4.0,True,
triton.language.atomic_xchg.ttadapter,2,0.041389,1,False,True,1,False,0,0,0,0,40fbbb5f98d37d00eb7503779081463032a57a40c8c7aea93d4e3fd7c7b88ae8,40fbbb5f98d37d00eb7503779081463032a57a40c8c7aea93d4e3fd7c7b88ae8,32768,32768,4096,4.0,True,
triton.language.atomic_xor.ttadapter,0,0.033063,1,False,False,0,False,0,0,0,0,,,65536,65536,8192,8.0,True,
triton.language.atomic_xor.ttadapter,1,0.034829,1,False,True,1,False,0,0,0,0,40fbbb5f98d37d00eb7503779081463032a57a40c8c7aea93d4e3fd7c7b88ae8,40fbbb5f98d37d00eb7503779081463032a57a40c8c7aea93d4e3fd7c7b88ae8,65536,65536,8192,8.0,True,
triton.language.atomic_xor.ttadapter,2,0.029885,1,False,True,1,False,0,0,0,0,40fbbb5f98d37d00eb7503779081463032a57a40c8c7aea93d4e3fd7c7b88ae8,40fbbb5f98d37d00eb7503779081463032a57a40c8c7aea93d4e3fd7c7b88ae8,65536,65536,8192,8.0,True,
triton.language.broadcast_to.ttadapter,0,0.02841,1,False,False,0,False,0,0,0,0,,,4096,4096,512,0.5,True,
triton.language.broadcast_to.ttadapter,1,0.032614,1,False,True,1,False,0,0,0,0,40fbbb5f98d37d00eb7503779081463032a57a40c8c7aea93d4e3fd7c7b88ae8,40fbbb5f98d37d00eb7503779081463032a57a40c8c7aea93d4e3fd7c7b88ae8,4096,4096,512,0.5,True,
triton.language.broadcast_to.ttadapter,2,0.032458,1,False,True,1,False,0,0,0,0,40fbbb5f98d37d00eb7503779081463032a57a40c8c7aea93d4e3fd7c7b88ae8,40fbbb5f98d37d00eb7503779081463032a57a40c8c7aea93d4e3fd7c7b88ae8,4096,4096,512,0.5,True,
triton.language.cast.ttadapter,0,0.029858,1,False,False,0,False,0,0,0,0,,,0,,,,True,
triton.language.cast.ttadapter,1,0.034434,1,False,True,1,False,0,0,0,0,40fbbb5f98d37d00eb7503779081463032a57a40c8c7aea93d4e3fd7c7b88ae8,40fbbb5f98d37d00eb7503779081463032a57a40c8c7aea93d4e3fd7c7b88ae8,0,,,,True,
triton.language.cast.ttadapter,2,0.032467,1,False,True,1,False,0,0,0,0,40fbbb5f98d37d00eb7503779081463032a57a40c8c7aea93d4e3fd7c7b88ae8,40fbbb5f98d37d00eb7503779081463032a57a40c8c7aea93d4e3fd7c7b88ae8,0,,,,True,
triton.language.cat.ttadapter,0,0.030219,1,False,False,0,False,0,0,0,0,,,0,,,,True,
triton.language.cat.ttadapter,1,0.03423,1,False,True,1,False,0,0,0,0,40fbbb5f98d37d00eb7503779081463032a57a40c8c7aea93d4e3fd7c7b88ae8,40fbbb5f98d37d00eb7503779081463032a57a40c8c7aea93d4e3fd7c7b88ae8,0,,,,True,
triton.language.cat.ttadapter,2,0.029805,1,False,True,1,False,0,0,0,0,40fbbb5f98d37d00eb7503779081463032a57a40c8c7aea93d4e3fd7c7b88ae8,40fbbb5f98d37d00eb7503779081463032a57a40c8c7aea93d4e3fd7c7b88ae8,0,,,,True,
triton.language.cdiv.ttadapter,0,0.033473,1,False,False,0,False,0,0,0,0,,,4096,4096,512,0.5,True,
triton.language.cdiv.ttadapter,1,0.045279,1,False,True,1,False,0,0,0,0,40fbbb5f98d37d00eb7503779081463032a57a40c8c7aea93d4e3fd7c7b88ae8,40fbbb5f98d37d00eb7503779081463032a57a40c8c7aea93d4e3fd7c7b88ae8,4096,4096,512,0.5,True,
triton.language.cdiv.ttadapter,2,0.038343,1,False,True,1,False,0,0,0,0,40fbbb5f98d37d00eb7503779081463032a57a40c8c7aea93d4e3fd7c7b88ae8,40fbbb5f98d37d00eb7503779081463032a57a40c8c7aea93d4e3fd7c7b88ae8,4096,4096,512,0.5,True,
triton.language.ceil.ttadapter,0,0.036061,1,False,False,0,False,0,0,0,0,,,0,,,,True,
triton.language.ceil.ttadapter,1,0.030511,1,False,True,1,False,0,0,0,0,40fbbb5f98d37d00eb7503779081463032a57a40c8c7aea93d4e3fd7c7b88ae8,40fbbb5f98d37d00eb7503779081463032a57a40c8c7aea93d4e3fd7c7b88ae8,0,,,,True,
triton.language.ceil.ttadapter,2,0.039105,1,False,True,1,False,0,0,0,0,40fbbb5f98d37d00eb7503779081463032a57a40c8c7aea93d4e3fd7c7b88ae8,40fbbb5f98d37d00eb7503779081463032a57a40c8c7aea93d4e3fd7c7b88ae8,0,,,,True,
triton.language.clamp.ttadapter,0,0.044179,1,False,False,0,False,0,0,0,0,,,11008,11008,1376,1.34375,True,
triton.language.clamp.ttadapter,1,0.03881,1,False,True,1,False,0,0,0,0,40fbbb5f98d37d00eb7503779081463032a57a40c8c7aea93d4e3fd7c7b88ae8,40fbbb5f98d37d00eb7503779081463032a57a40c8c7aea93d4e3fd7c7b88ae8,11008,11008,1376,1.34375,True,
triton.language.clamp.ttadapter,2,0.039548,1,False,True,1,False,0,0,0,0,40fbbb5f98d37d00eb7503779081463032a57a40c8c7aea93d4e3fd7c7b88ae8,40fbbb5f98d37d00eb7503779081463032a57a40c8c7aea93d4e3fd7c7b88ae8,11008,11008,1376,1.34375,True,
triton.language.cos.ttadapter,0,0.054074,1,False,False,0,False,0,0,0,0,,,24576,24576,3072,3.0,True,
triton.language.cos.ttadapter,1,0.056783,1,False,True,1,False,0,0,0,0,40fbbb5f98d37d00eb7503779081463032a57a40c8c7aea93d4e3fd7c7b88ae8,40fbbb5f98d37d00eb7503779081463032a57a40c8c7aea93d4e3fd7c7b88ae8,24576,24576,3072,3.0,True,
triton.language.cos.ttadapter,2,0.070658,1,False,True,1,False,0,0,0,0,40fbbb5f98d37d00eb7503779081463032a57a40c8c7aea93d4e3fd7c7b88ae8,40fbbb5f98d37d00eb7503779081463032a57a40c8c7aea93d4e3fd7c7b88ae8,24576,24576,3072,3.0,True,
triton.language.cumprod.ttadapter,0,0.02485,1,False,False,0,False,0,0,0,0,,,1024,1024,128,0.125,True,
triton.language.cumprod.ttadapter,1,0.031418,1,False,True,1,False,0,0,0,0,40fbbb5f98d37d00eb7503779081463032a57a40c8c7aea93d4e3fd7c7b88ae8,40fbbb5f98d37d00eb7503779081463032a57a40c8c7aea93d4e3fd7c7b88ae8,1024,1024,128,0.125,True,
triton.language.cumprod.ttadapter,2,0.030979,1,False,True,1,False,0,0,0,0,40fbbb5f98d37d00eb7503779081463032a57a40c8c7aea93d4e3fd7c7b88ae8,40fbbb5f98d37d00eb7503779081463032a57a40c8c7aea93d4e3fd7c7b88ae8,1024,1024,128,0.125,True,
triton.language.cumsum.ttadapter,0,0.029054,1,False,False,0,False,0,0,0,0,,,1024,1024,128,0.125,True,
triton.language.cumsum.ttadapter,1,0.028825,1,False,True,1,False,0,0,0,0,40fbbb5f98d37d00eb7503779081463032a57a40c8c7aea93d4e3fd7c7b88ae8,40fbbb5f98d37d00eb7503779081463032a57a40c8c7aea93d4e3fd7c7b88ae8,1024,1024,128,0.125,True,
triton.language.cumsum.ttadapter,2,0.028256,1,False,True,1,False,0,0,0,0,40fbbb5f98d37d00eb7503779081463032a57a40c8c7aea93d4e3fd7c7b88ae8,40fbbb5f98d37d00eb7503779081463032a57a40c8c7aea93d4e3fd7c7b88ae8,1024,1024,128,0.125,True,
triton.language.debug_barrier.ttadapter,0,0.031495,1,False,False,0,False,0,0,0,0,,,0,,,,True,
triton.language.debug_barrier.ttadapter,1,0.044226,1,False,True,1,False,0,0,0,0,40fbbb5f98d37d00eb7503779081463032a57a40c8c7aea93d4e3fd7c7b88ae8,40fbbb5f98d37d00eb7503779081463032a57a40c8c7aea93d4e3fd7c7b88ae8,0,,,,True,
triton.language.debug_barrier.ttadapter,2,0.031825,1,False,True,1,False,0,0,0,0,40fbbb5f98d37d00eb7503779081463032a57a40c8c7aea93d4e3fd7c7b88ae8,40fbbb5f98d37d00eb7503779081463032a57a40c8c7aea93d4e3fd7c7b88ae8,0,,,,True,
triton.language.device_assert.ttadapter,0,0.025994,1,False,False,0,False,0,0,0,0,,,512,512,64,0.0625,True,
triton.language.device_assert.ttadapter,1,0.027078,1,False,True,1,False,0,0,0,0,40fbbb5f98d37d00eb7503779081463032a57a40c8c7aea93d4e3fd7c7b88ae8,40fbbb5f98d37d00eb7503779081463032a57a40c8c7aea93d4e3fd7c7b88ae8,512,512,64,0.0625,True,
triton.language.device_assert.ttadapter,2,0.029231,1,False,True,1,False,0,0,0,0,40fbbb5f98d37d00eb7503779081463032a57a40c8c7aea93d4e3fd7c7b88ae8,40fbbb5f98d37d00eb7503779081463032a57a40c8c7aea93d4e3fd7c7b88ae8,512,512,64,0.0625,True,
triton.language.device_print.ttadapter,0,0.030249,1,False,False,0,False,0,0,0,0,,,0,,,,True,
triton.language.device_print.ttadapter,1,0.032969,1,False,True,1,False,0,0,0,0,40fbbb5f98d37d00eb7503779081463032a57a40c8c7aea93d4e3fd7c7b88ae8,40fbbb5f98d37d00eb7503779081463032a57a40c8c7aea93d4e3fd7c7b88ae8,0,,,,True,
triton.language.device_print.ttadapter,2,0.028988,1,False,True,1,False,0,0,0,0,40fbbb5f98d37d00eb7503779081463032a57a40c8c7aea93d4e3fd7c7b88ae8,40fbbb5f98d37d00eb7503779081463032a57a40c8c7aea93d4e3fd7c7b88ae8,0,,,,True,
triton.language.div_rn.ttadapter,0,0.031361,1,False,False,0,False,0,0,0,0,,,2048,2048,256,0.25,True,
triton.language.div_rn.ttadapter,1,0.04428,1,False,True,1,False,0,0,0,0,40fbbb5f98d37d00eb7503779081463032a57a40c8c7aea93d4e3fd7c7b88ae8,40fbbb5f98d37d00eb7503779081463032a57a40c8c7aea93d4e3fd7c7b88ae8,2048,2048,256,0.25,True,
triton.language.div_rn.ttadapter,2,0.033247,1,False,True,1,False,0,0,0,0,40fbbb5f98d37d00eb7503779081463032a57a40c8c7aea93d4e3fd7c7b88ae8,40fbbb5f98d37d00eb7503779081463032a57a40c8c7aea93d4e3fd7c7b88ae8,2048,2048,256,0.25,True,
triton.language.dot.ttadapter,0,0.031679,1,False,False,0,False,0,0,0,0,,,,,,,False,
triton.language.dot.ttadapter,1,0.036344,1,False,True,1,False,0,0,0,0,6f85a996f621466c83d1f13f745eb2d25c51b88480ff188f0a3ac09ecb361562,6f85a996f621466c83d1f13f745eb2d25c51b88480ff188f0a3ac09ecb361562,,,,,False,
triton.language.dot.ttadapter,2,0.037154,1,False,True,1,False,0,0,0,0,6f85a996f621466c83d1f13f745eb2d25c51b88480ff188f0a3ac09ecb361562,6f85a996f621466c83d1f13f745eb2d25c51b88480ff188f0a3ac09ecb361562,,,,,False,
triton.language.dot_scaled.ttadapter,0,0.044945,1,False,False,0,False,0,0,0,0,,,60160,60160,7520,7.34375,True,
triton.language.dot_scaled.ttadapter,1,0.064495,1,False,True,1,False,0,0,0,0,b13e5d9a414155c595e3990a6d37df90c7f8ab614c1afd86be7b0831d43fd135,b13e5d9a414155c595e3990a6d37df90c7f8ab614c1afd86be7b0831d43fd135,60160,60160,7520,7.34375,True,
triton.language.dot_scaled.ttadapter,2,0.061383,1,False,True,1,False,0,0,0,0,b13e5d9a414155c595e3990a6d37df90c7f8ab614c1afd86be7b0831d43fd135,b13e5d9a414155c595e3990a6d37df90c7f8ab614c1afd86be7b0831d43fd135,60160,60160,7520,7.34375,True,
triton.language.eq.ttadapter,0,0.035775,1,False,False,0,False,0,0,0,0,,,2560,2560,320,0.3125,True,
triton.language.eq.ttadapter,1,0.038654,1,False,True,1,False,0,0,0,0,40fbbb5f98d37d00eb7503779081463032a57a40c8c7aea93d4e3fd7c7b88ae8,40fbbb5f98d37d00eb7503779081463032a57a40c8c7aea93d4e3fd7c7b88ae8,2560,2560,320,0.3125,True,
triton.language.eq.ttadapter,2,0.043834,1,False,True,1,False,0,0,0,0,40fbbb5f98d37d00eb7503779081463032a57a40c8c7aea93d4e3fd7c7b88ae8,40fbbb5f98d37d00eb7503779081463032a57a40c8c7aea93d4e3fd7c7b88ae8,2560,2560,320,0.3125,True,
triton.language.erf.ttadapter,0,0.041078,1,False,False,0,False,0,0,0,0,,,6144,6144,768,0.75,True,
triton.language.erf.ttadapter,1,0.047517,1,False,True,1,False,0,0,0,0,40fbbb5f98d37d00eb7503779081463032a57a40c8c7aea93d4e3fd7c7b88ae8,40fbbb5f98d37d00eb7503779081463032a57a40c8c7aea93d4e3fd7c7b88ae8,6144,6144,768,0.75,True,
triton.language.erf.ttadapter,2,0.050465,1,False,True,1,False,0,0,0,0,40fbbb5f98d37d00eb7503779081463032a57a40c8c7aea93d4e3fd7c7b88ae8,40fbbb5f98d37d00eb7503779081463032a57a40c8c7aea93d4e3fd7c7b88ae8,6144,6144,768,0.75,True,
triton.language.exp.ttadapter,0,0.040495,1,False,False,0,False,0,0,0,0,,,0,,,,True,
triton.language.exp.ttadapter,1,0.030184,1,False,True,1,False,0,0,0,0,40fbbb5f98d37d00eb7503779081463032a57a40c8c7aea93d4e3fd7c7b88ae8,40fbbb5f98d37d00eb7503779081463032a57a40c8c7aea93d4e3fd7c7b88ae8,0,,,,True,
triton.language.exp.ttadapter,2,0.037285,1,False,True,1,False,0,0,0,0,40fbbb5f98d37d00eb7503779081463032a57a40c8c7aea93d4e3fd7c7b88ae8,40fbbb5f98d37d00eb7503779081463032a57a40c8c7aea93d4e3fd7c7b88ae8,0,,,,True,
triton.language.exp2.ttadapter,0,0.028976,1,False,False,0,False,0,0,0,0,,,0,,,,True,
triton.language.exp2.ttadapter,1,0.0477,1,False,True,1,False,0,0,0,0,40fbbb5f98d37d00eb7503779081463032a57a40c8c7aea93d4e3fd7c7b88ae8,40fbbb5f98d37d00eb7503779081463032a57a40c8c7aea93d4e3fd7c7b88ae8,0,,,,True,
triton.language.exp2.ttadapter,2,0.029885,1,False,True,1,False,0,0,0,0,40fbbb5f98d37d00eb7503779081463032a57a40c8c7aea93d4e3fd7c7b88ae8,40fbbb5f98d37d00eb7503779081463032a57a40c8c7aea93d4e3fd7c7b88ae8,0,,,,True,
triton.language.expand_dims.ttadapter,0,0.029148,1,False,False,0,False,0,0,0,0,,,0,,,,True,
triton.language.expand_dims.ttadapter,1,0.036092,1,False,True,1,False,0,0,0,0,40fbbb5f98d37d00eb7503779081463032a57a40c8c7aea93d4e3fd7c7b88ae8,40fbbb5f98d37d00eb7503779081463032a57a40c8c7aea93d4e3fd7c7b88ae8,0,,,,True,
triton.language.expand_dims.ttadapter,2,0.037646,1,False,True,1,False,0,0,0,0,40fbbb5f98d37d00eb7503779081463032a57a40c8c7aea93d4e3fd7c7b88ae8,40fbbb5f98d37d00eb7503779081463032a57a40c8c7aea93d4e3fd7c7b88ae8,0,,,,True,
triton.language.extra.cann.extension.extract_slice.ttadapter,0,0.030312,1,False,False,0,False,0,0,0,0,,,65536,65536,8192,8.0,True,
triton.language.extra.cann.extension.extract_slice.ttadapter,1,0.035129,1,False,True,1,False,0,0,0,0,40fbbb5f98d37d00eb7503779081463032a57a40c8c7aea93d4e3fd7c7b88ae8,40fbbb5f98d37d00eb7503779081463032a57a40c8c7aea93d4e3fd7c7b88ae8,65536,65536,8192,8.0,True,
triton.language.extra.cann.extension.extract_slice.ttadapter,2,0.035157,1,False,True,1,False,0,0,0,0,40fbbb5f98d37d00eb7503779081463032a57a40c8c7aea93d4e3fd7c7b88ae8,40fbbb5f98d37d00eb7503779081463032a57a40c8c7aea93d4e3fd7c7b88ae8,65536,65536,8192,8.0,True,
triton.language.extra.cann.extension.gather_out_to_ub.ttadapter,0,0.021116,1,False,False,0,False,0,0,0,0,,,,,,,False,"loc(""/tmp/triton.language.extra.cann.extension.gather_out_to_ub.HHumwf.py"":9:0): error: Failed to run BiShengHIR pipeline"
triton.language.extra.cann.extension.gather_out_to_ub.ttadapter,1,0.025898,1,False,False,0,False,0,0,0,0,,,,,,,False,"loc(""/tmp/triton.language.extra.cann.extension.gather_out_to_ub.HHumwf.py"":9:0): error: Failed to run BiShengHIR pipeline"
triton.language.extra.cann.extension.gather_out_to_ub.ttadapter,2,0.022538,1,False,False,0,False,0,0,0,0,,,,,,,False,"loc(""/tmp/triton.language.extra.cann.extension.gather_out_to_ub.HHumwf.py"":9:0): error: Failed to run BiShengHIR pipeline"
triton.language.extra.cann.extension.get_element.ttadapter,0,0.037292,1,False,False,0,False,0,0,0,0,,,10496,10496,1312,1.28125,True,
triton.language.extra.cann.extension.get_element.ttadapter,1,0.038586,1,False,True,1,False,0,0,0,0,40fbbb5f98d37d00eb7503779081463032a57a40c8c7aea93d4e3fd7c7b88ae8,40fbbb5f98d37d00eb7503779081463032a57a40c8c7aea93d4e3fd7c7b88ae8,10496,10496,1312,1.28125,True,
triton.language.extra.cann.extension.get_element.ttadapter,2,0.043558,1,False,True,1,False,0,0,0,0,40fbbb5f98d37d00eb7503779081463032a57a40c8c7aea93d4e3fd7c7b88ae8,40fbbb5f98d37d00eb7503779081463032a57a40c8c7aea93d4e3fd7c7b88ae8,10496,10496,1312,1.28125,True,
triton.language.extra.cann.extension.index_put.ttadapter,0,0.020232,1,False,False,0,False,0,0,0,0,,,,,,,False,"loc(""/tmp/triton.language.extra.cann.extension.index_put.4N6nL6.py"":9:0): error: Failed to run BiShengHIR pipeline"
triton.language.extra.cann.extension.index_put.ttadapter,1,0.021948,1,False,False,0,False,0,0,0,0,,,,,,,False,"loc(""/tmp/triton.language.extra.cann.extension.index_put.4N6nL6.py"":9:0): error: Failed to run BiShengHIR pipeline"
triton.language.extra.cann.extension.index_put.ttadapter,2,0.018811,1,False,False,0,False,0,0,0,0,,,,,,,False,"loc(""/tmp/triton.language.extra.cann.extension.index_put.4N6nL6.py"":9:0): error: Failed to run BiShengHIR pipeline"
triton.language.extra.cann.extension.insert_slice.ttadapter,0,0.043632,1,False,False,0,False,0,0,0,0,,,1056768,1056768,132096,129.0,True,
triton.language.extra.cann.extension.insert_slice.ttadapter,1,0.051447,1,False,True,1,False,0,0,0,0,40fbbb5f98d37d00eb7503779081463032a57a40c8c7aea93d4e3fd7c7b88ae8,40fbbb5f98d37d00eb7503779081463032a57a40c8c7aea93d4e3fd7c7b88ae8,1056768,1056768,132096,129.0,True,
triton.language.extra.cann.extension.insert_slice.ttadapter,2,0.046491,1,False,True,1,False,0,0,0,0,40fbbb5f98d37d00eb7503779081463032a57a40c8c7aea93d4e3fd7c7b88ae8,40fbbb5f98d37d00eb7503779081463032a57a40c8c7aea93d4e3fd7c7b88ae8,1056768,1056768,132096,129.0,True,
triton.language.extra.cann.extension.parallel.ttadapter,0,0.031136,1,False,False,0,False,0,0,0,0,,,524288,524288,65536,64.0,True,
triton.language.extra.cann.extension.parallel.ttadapter,1,0.029107,1,False,True,1,False,0,0,0,0,40fbbb5f98d37d00eb7503779081463032a57a40c8c7aea93d4e3fd7c7b88ae8,40fbbb5f98d37d00eb7503779081463032a57a40c8c7aea93d4e3fd7c7b88ae8,524288,524288,65536,64.0,True,
triton.language.extra.cann.extension.parallel.ttadapter,2,0.032577,1,False,True,1,False,0,0,0,0,40fbbb5f98d37d00eb7503779081463032a57a40c8c7aea93d4e3fd7c7b88ae8,40fbbb5f98d37d00eb7503779081463032a57a40c8c7aea93d4e3fd7c7b88ae8,524288,524288,65536,64.0,True,
triton.language.extra.cann.extension.scatter_ub_to_out.ttadapter,0,0.022549,1,False,False,0,False,0,0,0,0,,,,,,,False,"loc(""/tmp/triton.language.extra.cann.extension.scatter_ub_to_out.EemUpR.py"":9:0): error: Failed to run BiShengHIR pipeline"
triton.language.extra.cann.extension.scatter_ub_to_out.ttadapter,1,0.020325,1,False,False,0,False,0,0,0,0,,,,,,,False,"loc(""/tmp/triton.language.extra.cann.extension.scatter_ub_to_out.EemUpR.py"":9:0): error: Failed to run BiShengHIR pipeline"
triton.language.extra.cann.extension.scatter_ub_to_out.ttadapter,2,0.024413,1,False,False,0,False,0,0,0,0,,,,,,,False,"loc(""/tmp/triton.language.extra.cann.extension.scatter_ub_to_out.EemUpR.py"":9:0): error: Failed to run BiShengHIR pipeline"
triton.language.extra.cann.extension.sort.ttadapter,0,0.025065,1,False,False,0,False,0,0,0,0,,,16384,16384,2048,2.0,True,
triton.language.extra.cann.extension.sort.ttadapter,1,0.038206,1,False,True,1,False,0,0,0,0,40fbbb5f98d37d00eb7503779081463032a57a40c8c7aea93d4e3fd7c7b88ae8,40fbbb5f98d37d00eb7503779081463032a57a40c8c7aea93d4e3fd7c7b88ae8,16384,16384,2048,2.0,True,
triton.language.extra.cann.extension.sort.ttadapter,2,0.030936,1,False,True,1,False,0,0,0,0,40fbbb5f98d37d00eb7503779081463032a57a40c8c7aea93d4e3fd7c7b88ae8,40fbbb5f98d37d00eb7503779081463032a57a40c8c7aea93d4e3fd7c7b88ae8,16384,16384,2048,2.0,True,
triton.language.extra.cann.extension.sync_block_all.ttadapter,0,0.025105,1,False,False,0,False,0,0,0,0,,,,,,,False,
triton.language.extra.cann.extension.sync_block_all.ttadapter,1,0.026634,1,False,True,1,False,0,0,0,0,40fbbb5f98d37d00eb7503779081463032a57a40c8c7aea93d4e3fd7c7b88ae8,40fbbb5f98d37d00eb7503779081463032a57a40c8c7aea93d4e3fd7c7b88ae8,,,,,False,
triton.language.extra.cann.extension.sync_block_all.ttadapter,2,0.036929,1,False,True,1,False,0,0,0,0,40fbbb5f98d37d00eb7503779081463032a57a40c8c7aea93d4e3fd7c7b88ae8,40fbbb5f98d37d00eb7503779081463032a57a40c8c7aea93d4e3fd7c7b88ae8,,,,,False,
triton.language.fdiv.ttadapter,0,0.031678,1,False,False,0,False,0,0,0,0,,,2048,2048,256,0.25,True,
triton.language.fdiv.ttadapter,1,0.033703,1,False,True,1,False,0,0,0,0,40fbbb5f98d37d00eb7503779081463032a57a40c8c7aea93d4e3fd7c7b88ae8,40fbbb5f98d37d00eb7503779081463032a57a40c8c7aea93d4e3fd7c7b88ae8,2048,2048,256,0.25,True,
triton.language.fdiv.ttadapter,2,0.034208,1,False,True,1,False,0,0,0,0,40fbbb5f98d37d00eb7503779081463032a57a40c8c7aea93d4e3fd7c7b88ae8,40fbbb5f98d37d00eb7503779081463032a57a40c8c7aea93d4e3fd7c7b88ae8,2048,2048,256,0.25,True,
triton.language.flip.ttadapter,0,0.060673,1,False,False,0,False,0,0,0,0,,,1182976,1182976,147872,144.40625,True,
triton.language.flip.ttadapter,1,0.070274,1,False,True,1,False,0,0,0,0,40fbbb5f98d37d00eb7503779081463032a57a40c8c7aea93d4e3fd7c7b88ae8,40fbbb5f98d37d00eb7503779081463032a57a40c8c7aea93d4e3fd7c7b88ae8,1182976,1182976,147872,144.40625,True,
triton.language.flip.ttadapter,2,0.061411,1,False,True,1,False,0,0,0,0,40fbbb5f98d37d00eb7503779081463032a57a40c8c7aea93d4e3fd7c7b88ae8,40fbbb5f98d37d00eb7503779081463032a57a40c8c7aea93d4e3fd7c7b88ae8,1182976,1182976,147872,144.40625,True,
triton.language.floor.ttadapter,0,0.035334,1,False,False,0,False,0,0,0,0,,,0,,,,True,
triton.language.floor.ttadapter,1,0.033265,1,False,True,1,False,0,0,0,0,40fbbb5f98d37d00eb7503779081463032a57a40c8c7aea93d4e3fd7c7b88ae8,40fbbb5f98d37d00eb7503779081463032a57a40c8c7aea93d4e3fd7c7b88ae8,0,,,,True,
triton.language.floor.ttadapter,2,0.04605,1,False,True,1,False,0,0,0,0,40fbbb5f98d37d00eb7503779081463032a57a40c8c7aea93d4e3fd7c7b88ae8,40fbbb5f98d37d00eb7503779081463032a57a40c8c7aea93d4e3fd7c7b88ae8,0,,,,True,
triton.language.fma.ttadapter,0,0.033114,1,False,False,0,False,0,0,0,0,,,4096,4096,512,0.5,True,
triton.language.fma.ttadapter,1,0.036482,1,False,True,1,False,0,0,0,0,40fbbb5f98d37d00eb7503779081463032a57a40c8c7aea93d4e3fd7c7b88ae8,40fbbb5f98d37d00eb7503779081463032a57a40c8c7aea93d4e3fd7c7b88ae8,4096,4096,512,0.5,True,
triton.language.fma.ttadapter,2,0.038245,1,False,True,1,False,0,0,0,0,40fbbb5f98d37d00eb7503779081463032a57a40c8c7aea93d4e3fd7c7b88ae8,40fbbb5f98d37d00eb7503779081463032a57a40c8c7aea93d4e3fd7c7b88ae8,4096,4096,512,0.5,True,
triton.language.full.ttadapter,0,0.030097,1,False,False,0,False,0,0,0,0,,,0,,,,True,
triton.language.full.ttadapter,1,0.030921,1,False,True,1,False,0,0,0,0,40fbbb5f98d37d00eb7503779081463032a57a40c8c7aea93d4e3fd7c7b88ae8,40fbbb5f98d37d00eb7503779081463032a57a40c8c7aea93d4e3fd7c7b88ae8,0,,,,True,
triton.language.full.ttadapter,2,0.037872,1,False,True,1,False,0,0,0,0,40fbbb5f98d37d00eb7503779081463032a57a40c8c7aea93d4e3fd7c7b88ae8,40fbbb5f98d37d00eb7503779081463032a57a40c8c7aea93d4e3fd7c7b88ae8,0,,,,True,
triton.language.gather.ttadapter,0,0.02871,1,False,False,0,False,0,0,0,0,,,512,512,64,0.0625,True,
triton.language.gather.ttadapter,1,0.030341,1,False,True,1,False,0,0,0,0,40fbbb5f98d37d00eb7503779081463032a57a40c8c7aea93d4e3fd7c7b88ae8,40fbbb5f98d37d00eb7503779081463032a57a40c8c7aea93d4e3fd7c7b88ae8,512,512,64,0.0625,True,
triton.language.gather.ttadapter,2,0.04479,1,False,True,1,False,0,0,0,0,40fbbb5f98d37d00eb7503779081463032a57a40c8c7aea93d4e3fd7c7b88ae8,40fbbb5f98d37d00eb7503779081463032a57a40c8c7aea93d4e3fd7c7b88ae8,512,512,64,0.0625,True,
triton.language.ge.ttadapter,0,0.034462,1,False,False,0,False,0,0,0,0,,,5120,5120,640,0.625,True,
triton.language.ge.ttadapter,1,0.036923,1,False,True,1,False,0,0,0,0,40fbbb5f98d37d00eb7503779081463032a57a40c8c7aea93d4e3fd7c7b88ae8,40fbbb5f98d37d00eb7503779081463032a57a40c8c7aea93d4e3fd7c7b88ae8,5120,5120,640,0.625,True,
triton.language.ge.ttadapter,2,0.029686,1,False,True,1,False,0,0,0,0,40fbbb5f98d37d00eb7503779081463032a57a40c8c7aea93d4e3fd7c7b88ae8,40fbbb5f98d37d00eb7503779081463032a57a40c8c7aea93d4e3fd7c7b88ae8,5120,5120,640,0.625,True,
triton.language.gt.ttadapter,0,0.031883,1,False,False,0,False,0,0,0,0,,,5120,5120,640,0.625,True,
triton.language.gt.ttadapter,1,0.028585,1,False,True,1,False,0,0,0,0,40fbbb5f98d37d00eb7503779081463032a57a40c8c7aea93d4e3fd7c7b88ae8,40fbbb5f98d37d00eb7503779081463032a57a40c8c7aea93d4e3fd7c7b88ae8,5120,5120,640,0.625,True,
triton.language.gt.ttadapter,2,0.034163,1,False,True,1,False,0,0,0,0,40fbbb5f98d37d00eb7503779081463032a57a40c8c7aea93d4e3fd7c7b88ae8,40fbbb5f98d37d00eb7503779081463032a57a40c8c7aea93d4e3fd7c7b88ae8,5120,5120,640,0.625,True,
triton.language.histogram.ttadapter,0,0.030814,1,False,False,0,False,0,0,0,0,,,65536,65536,8192,8.0,True,
triton.language.histogram.ttadapter,1,0.031881,1,False,True,1,False,0,0,0,0,40fbbb5f98d37d00eb7503779081463032a57a40c8c7aea93d4e3fd7c7b88ae8,40fbbb5f98d37d00eb7503779081463032a57a40c8c7aea93d4e3fd7c7b88ae8,65536,65536,8192,8.0,True,
triton.language.histogram.ttadapter,2,0.034996,1,False,True,1,False,0,0,0,0,40fbbb5f98d37d00eb7503779081463032a57a40c8c7aea93d4e3fd7c7b88ae8,40fbbb5f98d37d00eb7503779081463032a57a40c8c7aea93d4e3fd7c7b88ae8,65536,65536,8192,8.0,True,
triton.language.index_select_simd.ttadapter,0,0.03468,1,False,False,0,False,0,0,0,0,,,512,512,64,0.0625,True,
triton.language.index_select_simd.ttadapter,1,0.039485,1,False,True,1,False,0,0,0,0,40fbbb5f98d37d00eb7503779081463032a57a40c8c7aea93d4e3fd7c7b88ae8,40fbbb5f98d37d00eb7503779081463032a57a40c8c7aea93d4e3fd7c7b88ae8,512,512,64,0.0625,True,
triton.language.index_select_simd.ttadapter,2,0.039187,1,False,True,1,False,0,0,0,0,40fbbb5f98d37d00eb7503779081463032a57a40c8c7aea93d4e3fd7c7b88ae8,40fbbb5f98d37d00eb7503779081463032a57a40c8c7aea93d4e3fd7c7b88ae8,512,512,64,0.0625,True,
triton.language.inline_asm_elementwise.ttadapter,0,0.163729,1,False,False,0,False,0,0,0,0,,,16384,16384,2048,2.0,True,
triton.language.inline_asm_elementwise.ttadapter,1,0.203924,1,False,True,1,False,0,0,0,0,40fbbb5f98d37d00eb7503779081463032a57a40c8c7aea93d4e3fd7c7b88ae8,40fbbb5f98d37d00eb7503779081463032a57a40c8c7aea93d4e3fd7c7b88ae8,16384,16384,2048,2.0,True,
triton.language.inline_asm_elementwise.ttadapter,2,0.231601,1,False,True,1,False,0,0,0,0,40fbbb5f98d37d00eb7503779081463032a57a40c8c7aea93d4e3fd7c7b88ae8,40fbbb5f98d37d00eb7503779081463032a57a40c8c7aea93d4e3fd7c7b88ae8,16384,16384,2048,2.0,True,
triton.language.interleave.ttadapter,0,0.024968,1,False,False,0,False,0,0,0,0,,,1024,1024,128,0.125,True,
triton.language.interleave.ttadapter,1,0.030302,1,False,True,1,False,0,0,0,0,40fbbb5f98d37d00eb7503779081463032a57a40c8c7aea93d4e3fd7c7b88ae8,40fbbb5f98d37d00eb7503779081463032a57a40c8c7aea93d4e3fd7c7b88ae8,1024,1024,128,0.125,True,
triton.language.interleave.ttadapter,2,0.030228,1,False,True,1,False,0,0,0,0,40fbbb5f98d37d00eb7503779081463032a57a40c8c7aea93d4e3fd7c7b88ae8,40fbbb5f98d37d00eb7503779081463032a57a40c8c7aea93d4e3fd7c7b88ae8,1024,1024,128,0.125,True,
triton.language.invert.ttadapter,0,0.030473,1,False,False,0,False,0,0,0,0,,,0,,,,True,
triton.language.invert.ttadapter,1,0.044594,1,False,True,1,False,0,0,0,0,40fbbb5f98d37d00eb7503779081463032a57a40c8c7aea93d4e3fd7c7b88ae8,40fbbb5f98d37d00eb7503779081463032a57a40c8c7aea93d4e3fd7c7b88ae8,0,,,,True,
triton.language.invert.ttadapter,2,0.030517,1,False,True,1,False,0,0,0,0,40fbbb5f98d37d00eb7503779081463032a57a40c8c7aea93d4e3fd7c7b88ae8,40fbbb5f98d37d00eb7503779081463032a57a40c8c7aea93d4e3fd7c7b88ae8,0,,,,True,
triton.language.join.ttadapter,0,0.031949,1,False,False,0,False,0,0,0,0,,,1024,1024,128,0.125,True,
triton.language.join.ttadapter,1,0.041576,1,False,True,1,False,0,0,0,0,40fbbb5f98d37d00eb7503779081463032a57a40c8c7aea93d4e3fd7c7b88ae8,40fbbb5f98d37d00eb7503779081463032a57a40c8c7aea93d4e3fd7c7b88ae8,1024,1024,128,0.125,True,
triton.language.join.ttadapter,2,0.037768,1,False,True,1,False,0,0,0,0,40fbbb5f98d37d00eb7503779081463032a57a40c8c7aea93d4e3fd7c7b88ae8,40fbbb5f98d37d00eb7503779081463032a57a40c8c7aea93d4e3fd7c7b88ae8,1024,1024,128,0.125,True,
triton.language.le.ttadapter,0,0.026769,1,False,False,0,False,0,0,0,0,,,5120,5120,640,0.625,True,
triton.language.le.ttadapter,1,0.032846,1,False,True,1,False,0,0,0,0,40fbbb5f98d37d00eb7503779081463032a57a40c8c7aea93d4e3fd7c7b88ae8,40fbbb5f98d37d00eb7503779081463032a57a40c8c7aea93d4e3fd7c7b88ae8,5120,5120,640,0.625,True,
triton.language.le.ttadapter,2,0.038058,1,False,True,1,False,0,0,0,0,40fbbb5f98d37d00eb7503779081463032a57a40c8c7aea93d4e3fd7c7b88ae8,40fbbb5f98d37d00eb7503779081463032a57a40c8c7aea93d4e3fd7c7b88ae8,5120,5120,640,0.625,True,
triton.language.load.ttadapter,0,0.03354,1,False,False,0,False,0,0,0,0,,,0,,,,True,
triton.language.load.ttadapter,1,0.030313,1,False,True,1,False,0,0,0,0,40fbbb5f98d37d00eb7503779081463032a57a40c8c7aea93d4e3fd7c7b88ae8,40fbbb5f98d37d00eb7503779081463032a57a40c8c7aea93d4e3fd7c7b88ae8,0,,,,True,
triton.language.load.ttadapter,2,0.035892,1,False,True,1,False,0,0,0,0,40fbbb5f98d37d00eb7503779081463032a57a40c8c7aea93d4e3fd7c7b88ae8,40fbbb5f98d37d00eb7503779081463032a57a40c8c7aea93d4e3fd7c7b88ae8,0,,,,True,
triton.language.load_tensor_descriptor.ttadapter,0,0.03361,1,False,False,0,False,0,0,0,0,,,0,,,,True,
triton.language.load_tensor_descriptor.ttadapter,1,0.04187,1,False,True,1,False,0,0,0,0,40fbbb5f98d37d00eb7503779081463032a57a40c8c7aea93d4e3fd7c7b88ae8,40fbbb5f98d37d00eb7503779081463032a57a40c8c7aea93d4e3fd7c7b88ae8,0,,,,True,
triton.language.load_tensor_descriptor.ttadapter,2,0.044221,1,False,True,1,False,0,0,0,0,40fbbb5f98d37d00eb7503779081463032a57a40c8c7aea93d4e3fd7c7b88ae8,40fbbb5f98d37d00eb7503779081463032a57a40c8c7aea93d4e3fd7c7b88ae8,0,,,,True,
triton.language.log.ttadapter,0,0.035675,1,False,False,0,False,0,0,0,0,,,0,,,,True,
triton.language.log.ttadapter,1,0.033377,1,False,True,1,False,0,0,0,0,40fbbb5f98d37d00eb7503779081463032a57a40c8c7aea93d4e3fd7c7b88ae8,40fbbb5f98d37d00eb7503779081463032a57a40c8c7aea93d4e3fd7c7b88ae8,0,,,,True,
triton.language.log.ttadapter,2,0.032682,1,False,True,1,False,0,0,0,0,40fbbb5f98d37d00eb7503779081463032a57a40c8c7aea93d4e3fd7c7b88ae8,40fbbb5f98d37d00eb7503779081463032a57a40c8c7aea93d4e3fd7c7b88ae8,0,,,,True,
triton.language.log2.ttadapter,0,0.041555,1,False,False,0,False,0,0,0,0,,,2048,2048,256,0.25,True,
triton.language.log2.ttadapter,1,0.039371,1,False,True,1,False,0,0,0,0,40fbbb5f98d37d00eb7503779081463032a57a40c8c7aea93d4e3fd7c7b88ae8,40fbbb5f98d37d00eb7503779081463032a57a40c8c7aea93d4e3fd7c7b88ae8,2048,2048,256,0.25,True,
triton.language.log2.ttadapter,2,0.037837,1,False,True,1,False,0,0,0,0,40fbbb5f98d37d00eb7503779081463032a57a40c8c7aea93d4e3fd7c7b88ae8,40fbbb5f98d37d00eb7503779081463032a57a40c8c7aea93d4e3fd7c7b88ae8,2048,2048,256,0.25,True,
triton.language.logical_and.ttadapter,0,0.034486,1,False,False,0,False,0,0,0,0,,,5120,5120,640,0.625,True,
triton.language.logical_and.ttadapter,1,0.039991,1,False,True,1,False,0,0,0,0,40fbbb5f98d37d00eb7503779081463032a57a40c8c7aea93d4e3fd7c7b88ae8,40fbbb5f98d37d00eb7503779081463032a57a40c8c7aea93d4e3fd7c7b88ae8,5120,5120,640,0.625,True,
triton.language.logical_and.ttadapter,2,0.037847,1,False,True,1,False,0,0,0,0,40fbbb5f98d37d00eb7503779081463032a57a40c8c7aea93d4e3fd7c7b88ae8,40fbbb5f98d37d00eb7503779081463032a57a40c8c7aea93d4e3fd7c7b88ae8,5120,5120,640,0.625,True,
triton.language.logical_or.ttadapter,0,0.03708,1,False,False,0,False,0,0,0,0,,,5120,5120,640,0.625,True,
triton.language.logical_or.ttadapter,1,0.04012,1,False,True,1,False,0,0,0,0,40fbbb5f98d37d00eb7503779081463032a57a40c8c7aea93d4e3fd7c7b88ae8,40fbbb5f98d37d00eb7503779081463032a57a40c8c7aea93d4e3fd7c7b88ae8,5120,5120,640,0.625,True,
triton.language.logical_or.ttadapter,2,0.038313,1,False,True,1,False,0,0,0,0,40fbbb5f98d37d00eb7503779081463032a57a40c8c7aea93d4e3fd7c7b88ae8,40fbbb5f98d37d00eb7503779081463032a57a40c8c7aea93d4e3fd7c7b88ae8,5120,5120,640,0.625,True,
triton.language.lshift.ttadapter,0,0.033884,1,False,False,0,False,0,0,0,0,,,0,,,,True,
triton.language.lshift.ttadapter,1,0.041356,1,False,True,1,False,0,0,0,0,40fbbb5f98d37d00eb7503779081463032a57a40c8c7aea93d4e3fd7c7b88ae8,40fbbb5f98d37d00eb7503779081463032a57a40c8c7aea93d4e3fd7c7b88ae8,0,,,,True,
triton.language.lshift.ttadapter,2,0.041663,1,False,True,1,False,0,0,0,0,40fbbb5f98d37d00eb7503779081463032a57a40c8c7aea93d4e3fd7c7b88ae8,40fbbb5f98d37d00eb7503779081463032a57a40c8c7aea93d4e3fd7c7b88ae8,0,,,,True,
triton.language.lt.ttadapter,0,0.045104,1,False,False,0,False,0,0,0,0,,,5120,5120,640,0.625,True,
triton.language.lt.ttadapter,1,0.033264,1,False,True,1,False,0,0,0,0,40fbbb5f98d37d00eb7503779081463032a57a40c8c7aea93d4e3fd7c7b88ae8,40fbbb5f98d37d00eb7503779081463032a57a40c8c7aea93d4e3fd7c7b88ae8,5120,5120,640,0.625,True,
triton.language.lt.ttadapter,2,0.047944,1,False,True,1,False,0,0,0,0,40fbbb5f98d37d00eb7503779081463032a57a40c8c7aea93d4e3fd7c7b88ae8,40fbbb5f98d37d00eb7503779081463032a57a40c8c7aea93d4e3fd7c7b88ae8,5120,5120,640,0.625,True,
triton.language.make_block_ptr.ttadapter,0,0.037557,1,False,False,0,False,0,0,0,0,,,0,,,,True,
triton.language.make_block_ptr.ttadapter,1,0.032577,1,False,True,1,False,0,0,0,0,40fbbb5f98d37d00eb7503779081463032a57a40c8c7aea93d4e3fd7c7b88ae8,40fbbb5f98d37d00eb7503779081463032a57a40c8c7aea93d4e3fd7c7b88ae8,0,,,,True,
triton.language.make_block_ptr.ttadapter,2,0.030029,1,False,True,1,False,0,0,0,0,40fbbb5f98d37d00eb7503779081463032a57a40c8c7aea93d4e3fd7c7b88ae8,40fbbb5f98d37d00eb7503779081463032a57a40c8c7aea93d4e3fd7c7b88ae8,0,,,,True,
triton.language.max.ttadapter,0,0.035435,1,False,False,0,False,0,0,0,0,,,1024,1024,128,0.125,True,
triton.language.max.ttadapter,1,0.041413,1,False,True,1,False,0,0,0,0,40fbbb5f98d37d00eb7503779081463032a57a40c8c7aea93d4e3fd7c7b88ae8,40fbbb5f98d37d00eb7503779081463032a57a40c8c7aea93d4e3fd7c7b88ae8,1024,1024,128,0.125,True,
triton.language.max.ttadapter,2,0.038516,1,False,True,1,False,0,0,0,0,40fbbb5f98d37d00eb7503779081463032a57a40c8c7aea93d4e3fd7c7b88ae8,40fbbb5f98d37d00eb7503779081463032a57a40c8c7aea93d4e3fd7c7b88ae8,1024,1024,128,0.125,True,
triton.language.max_constancy.ttadapter,0,0.026924,1,False,False,0,False,0,0,0,0,,,0,,,,True,
triton.language.max_constancy.ttadapter,1,0.034732,1,False,True,1,False,0,0,0,0,40fbbb5f98d37d00eb7503779081463032a57a40c8c7aea93d4e3fd7c7b88ae8,40fbbb5f98d37d00eb7503779081463032a57a40c8c7aea93d4e3fd7c7b88ae8,0,,,,True,
triton.language.max_constancy.ttadapter,2,0.034407,1,False,True,1,False,0,0,0,0,40fbbb5f98d37d00eb7503779081463032a57a40c8c7aea93d4e3fd7c7b88ae8,40fbbb5f98d37d00eb7503779081463032a57a40c8c7aea93d4e3fd7c7b88ae8,0,,,,True,
triton.language.max_contiguous.ttadapter,0,0.046414,1,False,False,0,False,0,0,0,0,,,0,,,,True,
triton.language.max_contiguous.ttadapter,1,0.031882,1,False,True,1,False,0,0,0,0,40fbbb5f98d37d00eb7503779081463032a57a40c8c7aea93d4e3fd7c7b88ae8,40fbbb5f98d37d00eb7503779081463032a57a40c8c7aea93d4e3fd7c7b88ae8,0,,,,True,
triton.language.max_contiguous.ttadapter,2,0.043268,1,False,True,1,False,0,0,0,0,40fbbb5f98d37d00eb7503779081463032a57a40c8c7aea93d4e3fd7c7b88ae8,40fbbb5f98d37d00eb7503779081463032a57a40c8c7aea93d4e3fd7c7b88ae8,0,,,,True,
triton.language.min.ttadapter,0,0.035524,1,False,False,0,False,0,0,0,0,,,1024,1024,128,0.125,True,
triton.language.min.ttadapter,1,0.032234,1,False,True,1,False,0,0,0,0,40fbbb5f98d37d00eb7503779081463032a57a40c8c7aea93d4e3fd7c7b88ae8,40fbbb5f98d37d00eb7503779081463032a57a40c8c7aea93d4e3fd7c7b88ae8,1024,1024,128,0.125,True,
triton.language.min.ttadapter,2,0.027453,1,False,True,1,False,0,0,0,0,40fbbb5f98d37d00eb7503779081463032a57a40c8c7aea93d4e3fd7c7b88ae8,40fbbb5f98d37d00eb7503779081463032a57a40c8c7aea93d4e3fd7c7b88ae8,1024,1024,128,0.125,True,
triton.language.multiple_of.ttadapter,0,0.043807,1,False,False,0,False,0,0,0,0,,,0,,,,True,
triton.language.multiple_of.ttadapter,1,0.033223,1,False,True,1,False,0,0,0,0,40fbbb5f98d37d00eb7503779081463032a57a40c8c7aea93d4e3fd7c7b88ae8,40fbbb5f98d37d00eb7503779081463032a57a40c8c7aea93d4e3fd7c7b88ae8,0,,,,True,
triton.language.multiple_of.ttadapter,2,0.034377,1,False,True,1,False,0,0,0,0,40fbbb5f98d37d00eb7503779081463032a57a40c8c7aea93d4e3fd7c7b88ae8,40fbbb5f98d37d00eb7503779081463032a57a40c8c7aea93d4e3fd7c7b88ae8,0,,,,True,
triton.language.ne.ttadapter,0,0.03641,1,False,False,0,False,0,0,0,0,,,2560,2560,320,0.3125,True,
triton.language.ne.ttadapter,1,0.045898,1,False,True,1,False,0,0,0,0,40fbbb5f98d37d00eb7503779081463032a57a40c8c7aea93d4e3fd7c7b88ae8,40fbbb5f98d37d00eb7503779081463032a57a40c8c7aea93d4e3fd7c7b88ae8,2560,2560,320,0.3125,True,
triton.language.ne.ttadapter,2,0.042731,1,False,True,1,False,0,0,0,0,40fbbb5f98d37d00eb7503779081463032a57a40c8c7aea93d4e3fd7c7b88ae8,40fbbb5f98d37d00eb7503779081463032a57a40c8c7aea93d4e3fd7c7b88ae8,2560,2560,320,0.3125,True,
triton.language.neg.ttadapter,0,0.031762,1,False,False,0,False,0,0,0,0,,,0,,,,True,
triton.language.neg.ttadapter,1,0.02868,1,False,True,1,False,0,0,0,0,40fbbb5f98d37d00eb7503779081463032a57a40c8c7aea93d4e3fd7c7b88ae8,40fbbb5f98d37d00eb7503779081463032a57a40c8c7aea93d4e3fd7c7b88ae8,0,,,,True,
triton.language.neg.ttadapter,2,0.029054,1,False,True,1,False,0,0,0,0,40fbbb5f98d37d00eb7503779081463032a57a40c8c7aea93d4e3fd7c7b88ae8,40fbbb5f98d37d00eb7503779081463032a57a40c8c7aea93d4e3fd7c7b88ae8,0,,,,True,
triton.language.not.ttadapter,0,0.034322,1,False,False,0,False,0,0,0,0,,,0,,,,True,
triton.language.not.ttadapter,1,0.030739,1,False,True,1,False,0,0,0,0,40fbbb5f98d37d00eb7503779081463032a57a40c8c7aea93d4e3fd7c7b88ae8,40fbbb5f98d37d00eb7503779081463032a57a40c8c7aea93d4e3fd7c7b88ae8,0,,,,True,
triton.language.not.ttadapter,2,0.037775,1,False,True,1,False,0,0,0,0,40fbbb5f98d37d00eb7503779081463032a57a40c8c7aea93d4e3fd7c7b88ae8,40fbbb5f98d37d00eb7503779081463032a57a40c8c7aea93d4e3fd7c7b88ae8,0,,,,True,
triton.language.or.ttadapter,0,0.03579,1,False,False,0,False,0,0,0,0,,,2048,2048,256,0.25,True,
triton.language.or.ttadapter,1,0.033081,1,False,True,1,False,0,0,0,0,40fbbb5f98d37d00eb7503779081463032a57a40c8c7aea93d4e3fd7c7b88ae8,40fbbb5f98d37d00eb7503779081463032a57a40c8c7aea93d4e3fd7c7b88ae8,2048,2048,256,0.25,True,
triton.language.or.ttadapter,2,0.032754,1,False,True,1,False,0,0,0,0,40fbbb5f98d37d00eb7503779081463032a57a40c8c7aea93d4e3fd7c7b88ae8,40fbbb5f98d37d00eb7503779081463032a57a40c8c7aea93d4e3fd7c7b88ae8,2048,2048,256,0.25,True,
triton.language.permute.ttadapter,0,0.027747,1,False,False,0,False,0,0,0,0,,,9728,9728,1216,1.1875,True,
triton.language.permute.ttadapter,1,0.032072,1,False,True,1,False,0,0,0,0,40fbbb5f98d37d00eb7503779081463032a57a40c8c7aea93d4e3fd7c7b88ae8,40fbbb5f98d37d00eb7503779081463032a57a40c8c7aea93d4e3fd7c7b88ae8,9728,9728,1216,1.1875,True,
triton.language.permute.ttadapter,2,0.035671,1,False,True,1,False,0,0,0,0,40fbbb5f98d37d00eb7503779081463032a57a40c8c7aea93d4e3fd7c7b88ae8,40fbbb5f98d37d00eb7503779081463032a57a40c8c7aea93d4e3fd7c7b88ae8,9728,9728,1216,1.1875,True,
triton.language.rand.ttadapter,0,0.044345,1,False,False,0,False,0,0,0,0,,,0,,,,True,
triton.language.rand.ttadapter,1,0.042563,1,False,True,1,False,0,0,0,0,40fbbb5f98d37d00eb7503779081463032a57a40c8c7aea93d4e3fd7c7b88ae8,40fbbb5f98d37d00eb7503779081463032a57a40c8c7aea93d4e3fd7c7b88ae8,0,,,,True,
triton.language.rand.ttadapter,2,0.049514,1,False,True,1,False,0,0,0,0,40fbbb5f98d37d00eb7503779081463032a57a40c8c7aea93d4e3fd7c7b88ae8,40fbbb5f98d37d00eb7503779081463032a57a40c8c7aea93d4e3fd7c7b88ae8,0,,,,True,
triton.language.randint.ttadapter,0,0.038253,1,False,False,0,False,0,0,0,0,,,0,,,,True,
triton.language.randint.ttadapter,1,0.04535,1,False,True,1,False,0,0,0,0,40fbbb5f98d37d00eb7503779081463032a57a40c8c7aea93d4e3fd7c7b88ae8,40fbbb5f98d37d00eb7503779081463032a57a40c8c7aea93d4e3fd7c7b88ae8,0,,,,True,
triton.language.randint.ttadapter,2,0.048143,1,False,True,1,False,0,0,0,0,40fbbb5f98d37d00eb7503779081463032a57a40c8c7aea93d4e3fd7c7b88ae8,40fbbb5f98d37d00eb7503779081463032a57a40c8c7aea93d4e3fd7c7b88ae8,0,,,,True,
triton.language.randn.ttadapter,0,0.181015,1,False,False,0,False,0,0,0,0,,,27136,27136,3392,3.3125,True,
triton.language.randn.ttadapter,1,0.211024,1,False,True,1,False,0,0,0,0,40fbbb5f98d37d00eb7503779081463032a57a40c8c7aea93d4e3fd7c7b88ae8,40fbbb5f98d37d00eb7503779081463032a57a40c8c7aea93d4e3fd7c7b88ae8,27136,27136,3392,3.3125,True,
triton.language.randn.ttadapter,2,0.238278,1,False,True,1,False,0,0,0,0,40fbbb5f98d37d00eb7503779081463032a57a40c8c7aea93d4e3fd7c7b88ae8,40fbbb5f98d37d00eb7503779081463032a57a40c8c7aea93d4e3fd7c7b88ae8,27136,27136,3392,3.3125,True,
triton.language.range.ttadapter,0,0.030495,1,False,False,0,False,0,0,0,0,,,0,,,,True,
triton.language.range.ttadapter,1,0.03344,1,False,True,1,False,0,0,0,0,40fbbb5f98d37d00eb7503779081463032a57a40c8c7aea93d4e3fd7c7b88ae8,40fbbb5f98d37d00eb7503779081463032a57a40c8c7aea93d4e3fd7c7b88ae8,0,,,,True,
triton.language.range.ttadapter,2,0.026253,1,False,True,1,False,0,0,0,0,40fbbb5f98d37d00eb7503779081463032a57a40c8c7aea93d4e3fd7c7b88ae8,40fbbb5f98d37d00eb7503779081463032a57a40c8c7aea93d4e3fd7c7b88ae8,0,,,,True,
triton.language.ravel.ttadapter,0,0.031602,1,False,False,0,False,0,0,0,0,,,0,,,,True,
triton.language.ravel.ttadapter,1,0.030301,1,False,True,1,False,0,0,0,0,40fbbb5f98d37d00eb7503779081463032a57a40c8c7aea93d4e3fd7c7b88ae8,40fbbb5f98d37d00eb7503779081463032a57a40c8c7aea93d4e3fd7c7b88ae8,0,,,,True,
triton.language.ravel.ttadapter,2,0.027626,1,False,True,1,False,0,0,0,0,40fbbb5f98d37d00eb7503779081463032a57a40c8c7aea93d4e3fd7c7b88ae8,40fbbb5f98d37d00eb7503779081463032a57a40c8c7aea93d4e3fd7c7b88ae8,0,,,,True,
triton.language.reduce.ttadapter,0,0.03056,1,False,False,0,False,0,0,0,0,,,1024,1024,128,0.125,True,
triton.language.reduce.ttadapter,1,0.03506,1,False,True,1,False,0,0,0,0,40fbbb5f98d37d00eb7503779081463032a57a40c8c7aea93d4e3fd7c7b88ae8,40fbbb5f98d37d00eb7503779081463032a57a40c8c7aea93d4e3fd7c7b88ae8,1024,1024,128,0.125,True,
triton.language.reduce.ttadapter,2,0.035316,1,False,True,1,False,0,0,0,0,40fbbb5f98d37d00eb7503779081463032a57a40c8c7aea93d4e3fd7c7b88ae8,40fbbb5f98d37d00eb7503779081463032a57a40c8c7aea93d4e3fd7c7b88ae8,1024,1024,128,0.125,True,
triton.language.reshape.ttadapter,0,0.027663,1,False,False,0,False,0,0,0,0,,,0,,,,True,
triton.language.reshape.ttadapter,1,0.032588,1,False,True,1,False,0,0,0,0,40fbbb5f98d37d00eb7503779081463032a57a40c8c7aea93d4e3fd7c7b88ae8,40fbbb5f98d37d00eb7503779081463032a57a40c8c7aea93d4e3fd7c7b88ae8,0,,,,True,
triton.language.reshape.ttadapter,2,0.031611,1,False,True,1,False,0,0,0,0,40fbbb5f98d37d00eb7503779081463032a57a40c8c7aea93d4e3fd7c7b88ae8,40fbbb5f98d37d00eb7503779081463032a57a40c8c7aea93d4e3fd7c7b88ae8,0,,,,True,
triton.language.rshift.ttadapter,0,0.025118,1,False,False,0,False,0,0,0,0,,,0,,,,True,
triton.language.rshift.ttadapter,1,0.031083,1,False,True,1,False,0,0,0,0,40fbbb5f98d37d00eb7503779081463032a57a40c8c7aea93d4e3fd7c7b88ae8,40fbbb5f98d37d00eb7503779081463032a57a40c8c7aea93d4e3fd7c7b88ae8,0,,,,True,
triton.language.rshift.ttadapter,2,0.034449,1,False,True,1,False,0,0,0,0,40fbbb5f98d37d00eb7503779081463032a57a40c8c7aea93d4e3fd7c7b88ae8,40fbbb5f98d37d00eb7503779081463032a57a40c8c7aea93d4e3fd7c7b88ae8,0,,,,True,
triton.language.rsqrt.ttadapter,0,0.034592,1,False,False,0,False,0,0,0,0,,,32768,32768,4096,4.0,True,
triton.language.rsqrt.ttadapter,1,0.039196,1,False,True,1,False,0,0,0,0,40fbbb5f98d37d00eb7503779081463032a57a40c8c7aea93d4e3fd7c7b88ae8,40fbbb5f98d37d00eb7503779081463032a57a40c8c7aea93d4e3fd7c7b88ae8,32768,32768,4096,4.0,True,
triton.language.rsqrt.ttadapter,2,0.035928,1,False,True,1,False,0,0,0,0,40fbbb5f98d37d00eb7503779081463032a57a40c8c7aea93d4e3fd7c7b88ae8,40fbbb5f98d37d00eb7503779081463032a57a40c8c7aea93d4e3fd7c7b88ae8,32768,32768,4096,4.0,True,
triton.language.sigmoid.ttadapter,0,0.037358,1,False,False,0,False,0,0,0,0,,,32768,32768,4096,4.0,True,
triton.language.sigmoid.ttadapter,1,0.042674,1,False,True,1,False,0,0,0,0,40fbbb5f98d37d00eb7503779081463032a57a40c8c7aea93d4e3fd7c7b88ae8,40fbbb5f98d37d00eb7503779081463032a57a40c8c7aea93d4e3fd7c7b88ae8,32768,32768,4096,4.0,True,
triton.language.sigmoid.ttadapter,2,0.040621,1,False,True,1,False,0,0,0,0,40fbbb5f98d37d00eb7503779081463032a57a40c8c7aea93d4e3fd7c7b88ae8,40fbbb5f98d37d00eb7503779081463032a57a40c8c7aea93d4e3fd7c7b88ae8,32768,32768,4096,4.0,True,
triton.language.sin.ttadapter,0,0.06567,1,False,False,0,False,0,0,0,0,,,393216,393216,49152,48.0,True,
triton.language.sin.ttadapter,1,0.061835,1,False,True,1,False,0,0,0,0,40fbbb5f98d37d00eb7503779081463032a57a40c8c7aea93d4e3fd7c7b88ae8,40fbbb5f98d37d00eb7503779081463032a57a40c8c7aea93d4e3fd7c7b88ae8,393216,393216,49152,48.0,True,
triton.language.sin.ttadapter,2,0.066168,1,False,True,1,False,0,0,0,0,40fbbb5f98d37d00eb7503779081463032a57a40c8c7aea93d4e3fd7c7b88ae8,40fbbb5f98d37d00eb7503779081463032a57a40c8c7aea93d4e3fd7c7b88ae8,393216,393216,49152,48.0,True,
triton.language.softmax.ttadapter,0,0.030501,1,False,False,0,False,0,0,0,0,,,34816,34816,4352,4.25,True,
triton.language.softmax.ttadapter,1,0.039185,1,False,True,1,False,0,0,0,0,40fbbb5f98d37d00eb7503779081463032a57a40c8c7aea93d4e3fd7c7b88ae8,40fbbb5f98d37d00eb7503779081463032a57a40c8c7aea93d4e3fd7c7b88ae8,34816,34816,4352,4.25,True,
triton.language.softmax.ttadapter,2,0.039603,1,False,True,1,False,0,0,0,0,40fbbb5f98d37d00eb7503779081463032a57a40c8c7aea93d4e3fd7c7b88ae8,40fbbb5f98d37d00eb7503779081463032a57a40c8c7aea93d4e3fd7c7b88ae8,34816,34816,4352,4.25,True,
triton.language.sort.ttadapter,0,0.041745,1,False,False,0,False,0,0,0,0,,,4096,4096,512,0.5,True,
triton.language.sort.ttadapter,1,0.045438,1,False,True,1,False,0,0,0,0,40fbbb5f98d37d00eb7503779081463032a57a40c8c7aea93d4e3fd7c7b88ae8,40fbbb5f98d37d00eb7503779081463032a57a40c8c7aea93d4e3fd7c7b88ae8,4096,4096,512,0.5,True,
triton.language.sort.ttadapter,2,0.043376,1,False,True,1,False,0,0,0,0,40fbbb5f98d37d00eb7503779081463032a57a40c8c7aea93d4e3fd7c7b88ae8,40fbbb5f98d37d00eb7503779081463032a57a40c8c7aea93d4e3fd7c7b88ae8,4096,4096,512,0.5,True,
triton.language.split.ttadapter,0,0.037715,1,False,False,0,False,0,0,0,0,,,512,512,64,0.0625,True,
triton.language.split.ttadapter,1,0.034244,1,False,True,1,False,0,0,0,0,40fbbb5f98d37d00eb7503779081463032a57a40c8c7aea93d4e3fd7c7b88ae8,40fbbb5f98d37d00eb7503779081463032a57a40c8c7aea93d4e3fd7c7b88ae8,512,512,64,0.0625,True,
triton.language.split.ttadapter,2,0.036726,1,False,True,1,False,0,0,0,0,40fbbb5f98d37d00eb7503779081463032a57a40c8c7aea93d4e3fd7c7b88ae8,40fbbb5f98d37d00eb7503779081463032a57a40c8c7aea93d4e3fd7c7b88ae8,512,512,64,0.0625,True,
triton.language.sqrt.ttadapter,0,0.036818,1,False,False,0,False,0,0,0,0,,,0,,,,True,
triton.language.sqrt.ttadapter,1,0.038995,1,False,True,1,False,0,0,0,0,40fbbb5f98d37d00eb7503779081463032a57a40c8c7aea93d4e3fd7c7b88ae8,40fbbb5f98d37d00eb7503779081463032a57a40c8c7aea93d4e3fd7c7b88ae8,0,,,,True,
triton.language.sqrt.ttadapter,2,0.037356,1,False,True,1,False,0,0,0,0,40fbbb5f98d37d00eb7503779081463032a57a40c8c7aea93d4e3fd7c7b88ae8,40fbbb5f98d37d00eb7503779081463032a57a40c8c7aea93d4e3fd7c7b88ae8,0,,,,True,
triton.language.sqrt_rn.ttadapter,0,0.038451,1,False,False,0,False,0,0,0,0,,,0,,,,True,
triton.language.sqrt_rn.ttadapter,1,0.043957,1,False,True,1,False,0,0,0,0,40fbbb5f98d37d00eb7503779081463032a57a40c8c7aea93d4e3fd7c7b88ae8,40fbbb5f98d37d00eb7503779081463032a57a40c8c7aea93d4e3fd7c7b88ae8,0,,,,True,
triton.language.sqrt_rn.ttadapter,2,0.043572,1,False,True,1,False,0,0,0,0,40fbbb5f98d37d00eb7503779081463032a57a40c8c7aea93d4e3fd7c7b88ae8,40fbbb5f98d37d00eb7503779081463032a57a40c8c7aea93d4e3fd7c7b88ae8,0,,,,True,
triton.language.static_assert.ttadapter,0,0.03379,1,False,False,0,False,0,0,0,0,,,0,,,,True,
triton.language.static_assert.ttadapter,1,0.042218,1,False,True,1,False,0,0,0,0,40fbbb5f98d37d00eb7503779081463032a57a40c8c7aea93d4e3fd7c7b88ae8,40fbbb5f98d37d00eb7503779081463032a57a40c8c7aea93d4e3fd7c7b88ae8,0,,,,True,
triton.language.static_assert.ttadapter,2,0.034468,1,False,True,1,False,0,0,0,0,40fbbb5f98d37d00eb7503779081463032a57a40c8c7aea93d4e3fd7c7b88ae8,40fbbb5f98d37d00eb7503779081463032a57a40c8c7aea93d4e3fd7c7b88ae8,0,,,,True,
triton.language.static_print.ttadapter,0,0.030671,1,False,False,0,False,0,0,0,0,,,0,,,,True,
triton.language.static_print.ttadapter,1,0.034368,1,False,True,1,False,0,0,0,0,40fbbb5f98d37d00eb7503779081463032a57a40c8c7aea93d4e3fd7c7b88ae8,40fbbb5f98d37d00eb7503779081463032a57a40c8c7aea93d4e3fd7c7b88ae8,0,,,,True,
triton.language.static_print.ttadapter,2,0.028361,1,False,True,1,False,0,0,0,0,40fbbb5f98d37d00eb7503779081463032a57a40c8c7aea93d4e3fd7c7b88ae8,40fbbb5f98d37d00eb7503779081463032a57a40c8c7aea93d4e3fd7c7b88ae8,0,,,,True,
triton.language.static_range.ttadapter,0,0.32438,1,False,False,0,False,0,0,0,0,,,32512,32512,4064,3.96875,True,
triton.language.static_range.ttadapter,1,0.453301,1,False,True,1,False,0,0,0,0,40fbbb5f98d37d00eb7503779081463032a57a40c8c7aea93d4e3fd7c7b88ae8,40fbbb5f98d37d00eb7503779081463032a57a40c8c7aea93d4e3fd7c7b88ae8,32512,32512,4064,3.96875,True,
triton.language.static_range.ttadapter,2,0.530202,1,False,True,1,False,0,0,0,0,40fbbb5f98d37d00eb7503779081463032a57a40c8c7aea93d4e3fd7c7b88ae8,40fbbb5f98d37d00eb7503779081463032a57a40c8c7aea93d4e3fd7c7b88ae8,32512,32512,4064,3.96875,True,
triton.language.sum.ttadapter,0,0.034021,1,False,False,0,False,0,0,0,0,,,1024,1024,128,0.125,True,
triton.language.sum.ttadapter,1,0.041359,1,False,True,1,False,0,0,0,0,40fbbb5f98d37d00eb7503779081463032a57a40c8c7aea93d4e3fd7c7b88ae8,40fbbb5f98d37d00eb7503779081463032a57a40c8c7aea93d4e3fd7c7b88ae8,1024,1024,128,0.125,True,
triton.language.sum.ttadapter,2,0.036285,1,False,True,1,False,0,0,0,0,40fbbb5f98d37d00eb7503779081463032a57a40c8c7aea93d4e3fd7c7b88ae8,40fbbb5f98d37d00eb7503779081463032a57a40c8c7aea93d4e3fd7c7b88ae8,1024,1024,128,0.125,True,
triton.language.swizzle2d.ttadapter,0,0.04902,1,False,False,0,False,0,0,0,0,,,3072,3072,384,0.375,True,
triton.language.swizzle2d.ttadapter,1,0.042072,1,False,True,1,False,0,0,0,0,40fbbb5f98d37d00eb7503779081463032a57a40c8c7aea93d4e3fd7c7b88ae8,40fbbb5f98d37d00eb7503779081463032a57a40c8c7aea93d4e3fd7c7b88ae8,3072,3072,384,0.375,True,
triton.language.swizzle2d.ttadapter,2,0.045067,1,False,True,1,False,0,0,0,0,40fbbb5f98d37d00eb7503779081463032a57a40c8c7aea93d4e3fd7c7b88ae8,40fbbb5f98d37d00eb7503779081463032a57a40c8c7aea93d4e3fd7c7b88ae8,3072,3072,384,0.375,True,
triton.language.topk.ttadapter,0,0.117804,1,False,False,0,False,0,0,0,0,,,78592,78592,9824,9.59375,True,
triton.language.topk.ttadapter,1,0.127162,1,False,True,1,False,0,0,0,0,40fbbb5f98d37d00eb7503779081463032a57a40c8c7aea93d4e3fd7c7b88ae8,40fbbb5f98d37d00eb7503779081463032a57a40c8c7aea93d4e3fd7c7b88ae8,78592,78592,9824,9.59375,True,
triton.language.topk.ttadapter,2,0.136501,1,False,True,1,False,0,0,0,0,40fbbb5f98d37d00eb7503779081463032a57a40c8c7aea93d4e3fd7c7b88ae8,40fbbb5f98d37d00eb7503779081463032a57a40c8c7aea93d4e3fd7c7b88ae8,78592,78592,9824,9.59375,True,
triton.language.trans.ttadapter,0,0.035135,1,False,False,0,False,0,0,0,0,,,9728,9728,1216,1.1875,True,
triton.language.trans.ttadapter,1,0.037374,1,False,True,1,False,0,0,0,0,40fbbb5f98d37d00eb7503779081463032a57a40c8c7aea93d4e3fd7c7b88ae8,40fbbb5f98d37d00eb7503779081463032a57a40c8c7aea93d4e3fd7c7b88ae8,9728,9728,1216,1.1875,True,
triton.language.trans.ttadapter,2,0.030067,1,False,True,1,False,0,0,0,0,40fbbb5f98d37d00eb7503779081463032a57a40c8c7aea93d4e3fd7c7b88ae8,40fbbb5f98d37d00eb7503779081463032a57a40c8c7aea93d4e3fd7c7b88ae8,9728,9728,1216,1.1875,True,
triton.language.umulhi.ttadapter,0,0.034609,1,False,False,0,False,0,0,0,0,,,512,512,64,0.0625,True,
triton.language.umulhi.ttadapter,1,0.032703,1,False,True,1,False,0,0,0,0,40fbbb5f98d37d00eb7503779081463032a57a40c8c7aea93d4e3fd7c7b88ae8,40fbbb5f98d37d00eb7503779081463032a57a40c8c7aea93d4e3fd7c7b88ae8,512,512,64,0.0625,True,
triton.language.umulhi.ttadapter,2,0.031484,1,False,True,1,False,0,0,0,0,40fbbb5f98d37d00eb7503779081463032a57a40c8c7aea93d4e3fd7c7b88ae8,40fbbb5f98d37d00eb7503779081463032a57a40c8c7aea93d4e3fd7c7b88ae8,512,512,64,0.0625,True,
triton.language.view.ttadapter,0,0.031052,1,False,False,0,False,0,0,0,0,,,0,,,,True,
triton.language.view.ttadapter,1,0.033181,1,False,True,1,False,0,0,0,0,40fbbb5f98d37d00eb7503779081463032a57a40c8c7aea93d4e3fd7c7b88ae8,40fbbb5f98d37d00eb7503779081463032a57a40c8c7aea93d4e3fd7c7b88ae8,0,,,,True,
triton.language.view.ttadapter,2,0.034122,1,False,True,1,False,0,0,0,0,40fbbb5f98d37d00eb7503779081463032a57a40c8c7aea93d4e3fd7c7b88ae8,40fbbb5f98d37d00eb7503779081463032a57a40c8c7aea93d4e3fd7c7b88ae8,0,,,,True,
triton.language.where.ttadapter,0,0.0376,1,False,False,0,False,0,0,0,0,,,6144,6144,768,0.75,True,
triton.language.where.ttadapter,1,0.037795,1,False,True,1,False,0,0,0,0,40fbbb5f98d37d00eb7503779081463032a57a40c8c7aea93d4e3fd7c7b88ae8,40fbbb5f98d37d00eb7503779081463032a57a40c8c7aea93d4e3fd7c7b88ae8,6144,6144,768,0.75,True,
triton.language.where.ttadapter,2,0.045045,1,False,True,1,False,0,0,0,0,40fbbb5f98d37d00eb7503779081463032a57a40c8c7aea93d4e3fd7c7b88ae8,40fbbb5f98d37d00eb7503779081463032a57a40c8c7aea93d4e3fd7c7b88ae8,6144,6144,768,0.75,True,
triton.language.xor.ttadapter,0,0.036397,1,False,False,0,False,0,0,0,0,,,4096,4096,512,0.5,True,
triton.language.xor.ttadapter,1,0.044393,1,False,True,1,False,0,0,0,0,40fbbb5f98d37d00eb7503779081463032a57a40c8c7aea93d4e3fd7c7b88ae8,40fbbb5f98d37d00eb7503779081463032a57a40c8c7aea93d4e3fd7c7b88ae8,4096,4096,512,0.5,True,
triton.language.xor.ttadapter,2,0.032977,1,False,True,1,False,0,0,0,0,40fbbb5f98d37d00eb7503779081463032a57a40c8c7aea93d4e3fd7c7b88ae8,40fbbb5f98d37d00eb7503779081463032a57a40c8c7aea93d4e3fd7c7b88ae8,4096,4096,512,0.5,True,
triton.language.xor_sum.ttadapter,0,0.029514,1,False,False,0,False,0,0,0,0,,,1280,1280,160,0.15625,True,
triton.language.xor_sum.ttadapter,1,0.038509,1,False,True,1,False,0,0,0,0,40fbbb5f98d37d00eb7503779081463032a57a40c8c7aea93d4e3fd7c7b88ae8,40fbbb5f98d37d00eb7503779081463032a57a40c8c7aea93d4e3fd7c7b88ae8,1280,1280,160,0.15625,True,
triton.language.xor_sum.ttadapter,2,0.03186,1,False,True,1,False,0,0,0,0,40fbbb5f98d37d00eb7503779081463032a57a40c8c7aea93d4e3fd7c7b88ae8,40fbbb5f98d37d00eb7503779081463032a57a40c8c7aea93d4e3fd7c7b88ae8,1280,1280,160,0.15625,True,
triton.language.zeros.ttadapter,0,0.027264,1,False,False,0,False,0,0,0,0,,,0,,,,True,
triton.language.zeros.ttadapter,1,0.027738,1,False,True,1,False,0,0,0,0,40fbbb5f98d37d00eb7503779081463032a57a40c8c7aea93d4e3fd7c7b88ae8,40fbbb5f98d37d00eb7503779081463032a57a40c8c7aea93d4e3fd7c7b88ae8,0,,,,True,
triton.language.zeros.ttadapter,2,0.026844,1,False,True,1,False,0,0,0,0,40fbbb5f98d37d00eb7503779081463032a57a40c8c7aea93d4e3fd7c7b88ae8,40fbbb5f98d37d00eb7503779081463032a57a40c8c7aea93d4e3fd7c7b88ae8,0,,,,True,
triton.language.zeros_like.ttadapter,0,0.03068,1,False,False,0,False,0,0,0,0,,,0,,,,True,
triton.language.zeros_like.ttadapter,1,0.032678,1,False,True,1,False,0,0,0,0,40fbbb5f98d37d00eb7503779081463032a57a40c8c7aea93d4e3fd7c7b88ae8,40fbbb5f98d37d00eb7503779081463032a57a40c8c7aea93d4e3fd7c7b88ae8,0,,,,True,
triton.language.zeros_like.ttadapter,2,0.03365,1,False,True,1,False,0,0,0,0,40fbbb5f98d37d00eb7503779081463032a57a40c8c7aea93d4e3fd7c7b88ae8,40fbbb5f98d37d00eb7503779081463032a57a40c8c7aea93d4e3fd7c7b88ae8,0,,,,True,
triton_hivm_launch_smoke.ttadapter,0,0.039041,1,False,False,0,False,0,0,0,0,,,32768,32768,4096,4.0,True,
triton_hivm_launch_smoke.ttadapter,1,0.033761,1,False,True,1,False,0,0,0,0,40fbbb5f98d37d00eb7503779081463032a57a40c8c7aea93d4e3fd7c7b88ae8,40fbbb5f98d37d00eb7503779081463032a57a40c8c7aea93d4e3fd7c7b88ae8,32768,32768,4096,4.0,True,
triton_hivm_launch_smoke.ttadapter,2,0.03791,1,False,True,1,False,0,0,0,0,40fbbb5f98d37d00eb7503779081463032a57a40c8c7aea93d4e3fd7c7b88ae8,40fbbb5f98d37d00eb7503779081463032a57a40c8c7aea93d4e3fd7c7b88ae8,32768,32768,4096,4.0,True,
vector_add_2x_bench.ttadapter,0,0.027143,1,False,False,0,False,0,0,0,0,,,65536,65536,8192,8.0,True,
vector_add_2x_bench.ttadapter,1,0.040681,1,False,True,1,False,0,0,0,0,40fbbb5f98d37d00eb7503779081463032a57a40c8c7aea93d4e3fd7c7b88ae8,40fbbb5f98d37d00eb7503779081463032a57a40c8c7aea93d4e3fd7c7b88ae8,65536,65536,8192,8.0,True,
vector_add_2x_bench.ttadapter,2,0.037362,1,False,True,1,False,0,0,0,0,40fbbb5f98d37d00eb7503779081463032a57a40c8c7aea93d4e3fd7c7b88ae8,40fbbb5f98d37d00eb7503779081463032a57a40c8c7aea93d4e3fd7c7b88ae8,65536,65536,8192,8.0,True,
vv_layernorm_2048.ttadapter,0,0.053031,1,False,False,0,False,0,0,0,0,,,590848,590848,73856,72.125,True,
vv_layernorm_2048.ttadapter,1,0.058204,1,False,True,1,False,0,0,0,0,40fbbb5f98d37d00eb7503779081463032a57a40c8c7aea93d4e3fd7c7b88ae8,40fbbb5f98d37d00eb7503779081463032a57a40c8c7aea93d4e3fd7c7b88ae8,590848,590848,73856,72.125,True,
vv_layernorm_2048.ttadapter,2,0.06594,1,False,True,1,False,0,0,0,0,40fbbb5f98d37d00eb7503779081463032a57a40c8c7aea93d4e3fd7c7b88ae8,40fbbb5f98d37d00eb7503779081463032a57a40c8c7aea93d4e3fd7c7b88ae8,590848,590848,73856,72.125,True,
vv_layernorm_4096.ttadapter,0,0.061483,1,False,False,0,False,0,0,0,0,,,1180672,1180672,147584,144.125,True,
vv_layernorm_4096.ttadapter,1,0.062445,1,False,True,1,False,0,0,0,0,40fbbb5f98d37d00eb7503779081463032a57a40c8c7aea93d4e3fd7c7b88ae8,40fbbb5f98d37d00eb7503779081463032a57a40c8c7aea93d4e3fd7c7b88ae8,1180672,1180672,147584,144.125,True,
vv_layernorm_4096.ttadapter,2,0.077009,1,False,True,1,False,0,0,0,0,40fbbb5f98d37d00eb7503779081463032a57a40c8c7aea93d4e3fd7c7b88ae8,40fbbb5f98d37d00eb7503779081463032a57a40c8c7aea93d4e3fd7c7b88ae8,1180672,1180672,147584,144.125,True,
vv_layernorm_8192.ttadapter,0,0.056951,1,False,False,0,False,0,0,0,0,,,1442048,1442048,180256,176.03125,True,
vv_layernorm_8192.ttadapter,1,0.062262,1,False,True,1,False,0,0,0,0,40fbbb5f98d37d00eb7503779081463032a57a40c8c7aea93d4e3fd7c7b88ae8,40fbbb5f98d37d00eb7503779081463032a57a40c8c7aea93d4e3fd7c7b88ae8,1442048,1442048,180256,176.03125,True,
vv_layernorm_8192.ttadapter,2,0.060366,1,False,True,1,False,0,0,0,0,40fbbb5f98d37d00eb7503779081463032a57a40c8c7aea93d4e3fd7c7b88ae8,40fbbb5f98d37d00eb7503779081463032a57a40c8c7aea93d4e3fd7c7b88ae8,1442048,1442048,180256,176.03125,True,
vv_softmax_8192.ttadapter,0,0.04047,1,False,False,0,False,0,0,0,0,,,395776,395776,49472,48.3125,True,
vv_softmax_8192.ttadapter,1,0.036547,1,False,True,1,False,0,0,0,0,40fbbb5f98d37d00eb7503779081463032a57a40c8c7aea93d4e3fd7c7b88ae8,40fbbb5f98d37d00eb7503779081463032a57a40c8c7aea93d4e3fd7c7b88ae8,395776,395776,49472,48.3125,True,
vv_softmax_8192.ttadapter,2,0.040701,1,False,True,1,False,0,0,0,0,40fbbb5f98d37d00eb7503779081463032a57a40c8c7aea93d4e3fd7c7b88ae8,40fbbb5f98d37d00eb7503779081463032a57a40c8c7aea93d4e3fd7c7b88ae8,395776,395776,49472,48.3125,True,
vv_vector_add_8192.ttadapter,0,0.030363,1,False,False,0,False,0,0,0,0,,,262144,262144,32768,32.0,True,
vv_vector_add_8192.ttadapter,1,0.038254,1,False,True,1,False,0,0,0,0,40fbbb5f98d37d00eb7503779081463032a57a40c8c7aea93d4e3fd7c7b88ae8,40fbbb5f98d37d00eb7503779081463032a57a40c8c7aea93d4e3fd7c7b88ae8,262144,262144,32768,32.0,True,
vv_vector_add_8192.ttadapter,2,0.033764,1,False,True,1,False,0,0,0,0,40fbbb5f98d37d00eb7503779081463032a57a40c8c7aea93d4e3fd7c7b88ae8,40fbbb5f98d37d00eb7503779081463032a57a40c8c7aea93d4e3fd7c7b88ae8,262144,262144,32768,32.0,True,
